אונטולוגיה,יחידה ספרותית,מספר יחידה ספרותית,מספר רץ ,חלוקות משנה וכפל שמות,ID חדש?,מתוך טבלת רישום מדרשים,ID: טבלת רישום מדרשים,שטראק-שטמברגר,ID: שטראק-שטמברגר,"אנציקלופדיה יודאיקה (מ""ד הר)","ID: אנציקלופדיה יודאיקה (מ""ד הר)",ויקיפדיה,ID: ויקיפדיה,"פרוייקט השו""ת","ID: פרוייקט השו""ת",רייזל,ID: רייזל,פרידברג,Friedberg,ID: פרידברג,מ. ביאליק-לרנר,ID: ביאליק לרנר,English Reference MAZAL,MAZAL ID,Common English Title,Transcribed Title,Family,
,מדרשי הלכה,0,,,,<חוסר>,<חוסר>,The Mekhilta de Rabbi Ishmael,1,<חוסר>,<חוסר>,מכילתא דרבי ישמעאל,1,מכילתא דרבי ישמעאל,1,מכילתא דרבי ישמעאל,1,מכילתא דרבי ישמעאל,Mekhilta de-Rabbi Yishma‘el,26,<חוסר>,<חוסר>,Mekhilta of R. Ishmael,987007265234705171,Mekhilta de-Rabbi Ishmael,Mekhilta de-Rabbi Yishmael,"Midrash-halakha, Tannaitic Midrash",
,מדרשי הלכה,0,,,,<חוסר>,<חוסר>,The Mekhilta de Rabbi Simeon ben Yoḥai,2,<חוסר>,<חוסר>,מכילתא דרבי שמעון בן יוחאי,2,מכילתא דרבי שמעון בר יוחאי,2,מכילתא דרבי שמעון בר יוחאי,2,"מכילתא דרשב""י",Mekhilta of R. Simeon b. Yohai,27,<חוסר>,<חוסר>,Mekhilta of Rabbi Simeon ben Yohai,987007310654405171,Mekhilta de-Rabbi Shimon bar Yohai,Mekhilta de-Rabbi Shimon ben Yohai,"Midrash-halakha, Tannitic Midrash",
,מדרשי הלכה,0,,,,<חוסר>,<חוסר>,Sifra,3,<חוסר>,<חוסר>,ספרא,3,ספרא,3,ספרא - תורת כהנים,3,ספרא,Sifra,4,<חוסר>,<חוסר>,Sifra,987007286494005171,Sifra,Sifra,"Midrash-halakha, Tannitic Midrash",
,מדרשי הלכה,0,,,,<חוסר>,<חוסר>,A 'Mekhilta' on Leviticus?,4,<חוסר>,<חוסר>,<חיבור משוער>,<חיבור משוער>,<חיבור משוער>,<חיבור משוער>,<חיבור משוער>,<חיבור משוער>,<חיבור משוער>,<חיבור משוער>,<חיבור משוער>,<חוסר>,<חוסר>,,,,Mekhilta  Leviticus,"Midrash-halakha, Tannitic Midrash",
,מדרשי הלכה,0,,,,<חוסר>,<חוסר>,<פירוט ו/או הכללה>,<פירוט ו/או הכללה>,<חוסר>,<חוסר>,<פירוט ו/או הכללה>,<פירוט ו/או הכללה>,<פירוט ו/או הכללה>,<פירוט ו/או הכללה>,<פירוט ו/או הכללה>,<פירוט ו/או הכללה>,ספרי,,5,<חוסר>,<חוסר>,Sifrei,987007286493505171,Sifrei,Sifrei,"Midrash-halakha, Tannitic Midrash",
,מדרשי הלכה,0,,,,<חוסר>,<חוסר>,Sifre Numbers,5,<חוסר>,<חוסר>,ספרי במדבר,4,ספרי במדבר,4,ספרי במדבר,4,ספרי במדבר,Sifre on Numbers,6,<חוסר>,<חוסר>,Sifrei. Numbers,987007268232705171,Sifrei Numbers,Sifrei Bemidbar,"Midrash-halakha, Tannitic Midrash",
,מדרשי הלכה,0,,,,<חוסר>,<חוסר>,Sifre Zutta,6,<חוסר>,<חוסר>,<פירוט ו/או הכללה>,<פירוט ו/או הכללה>,ספרי זוטא,5,<פירוט ו/או הכללה>,<פירוט ו/או הכללה>,ספרי זוטא,Sifre Zuta,8,<חוסר>,<חוסר>,Sifrei zuta,987007287482305171,Sifrei Zuta,Sifrei Zuta,"Midrash-halakha, Tannitic Midrash",
,מדרשי הלכה,0,,,,<חוסר>,<חוסר>,<פירוט ו/או הכללה>,<פירוט ו/או הכללה>,<חוסר>,<חוסר>,ספרי זוטא במדבר,5,<פירוט ו/או הכללה>,<פירוט ו/או הכללה>,ספרי זוטא במדבר,5,<פירוט ו/או הכללה>,<פירוט ו/או הכללה>,<פירוט ו/או הכללה>,<חוסר>,<חוסר>,,,Sifrei Zuta to Numbers,Sifrei Zuta Bemidbar,"Midrash-halakha, Tannitic Midrash",
,מדרשי הלכה,0,,,,<חוסר>,<חוסר>,Sifre Deuteronomy,7,<חוסר>,<חוסר>,ספרי דברים,6,ספרי דברים,6,ספרי דברים,6,ספרי דברים,Sifre on Deuteronomy,7,<חוסר>,<חוסר>,Sifrei. Deuteronomy,987007268232605171,Sifrei Deuteronomy,Sifrei Devarim,"Midrash-halakha, Tannitic Midrash",
,מדרשי הלכה,0,,,,<חוסר>,<חוסר>,Midrash Tannaim,8,<חוסר>,<חוסר>,מכילתא דברים,7,מדרש תנאים לדברים,7,מכילתא דברים,7,מכילתא לדברים,Mekhilta on Deuteronomy,28,<חוסר>,<חוסר>,Midrash Tannaim,987007286637605171,Mekhilta to Deuteronomy; Midrash Tannaim,Mekhilta Devarim; Midrash Tannaim,"Midrash-halakha, Tannitic Midrash",
,מדרשי הלכה,0,,,,<חוסר>,<חוסר>,<פירוט ו/או הכללה>,<פירוט ו/או הכללה>,<חוסר>,<חוסר>,ספרי זוטא דברים,8,<פירוט ו/או הכללה>,<פירוט ו/או הכללה>,ספרי זוטא דברים,8,<פירוט ו/או הכללה>,<פירוט ו/או הכללה>,<פירוט ו/או הכללה>,<חוסר>,<חוסר>,,,Sifrei Zuta to Deuteronomy,Sifrei Zuta Devarim,"Midrash-halakha, Tannitic Midrash",
מדרש רבה על התורה,תורה,1.1-5,1,1,1.1-5:1:1.0,<פירוט ו/או הכללה>,<פירוט ו/או הכללה>,<פירוט ו/או הכללה>,<פירוט ו/או הכללה>,<פירוט ו/או הכללה>,<פירוט ו/או הכללה>,<פירוט ו/או הכללה>,<פירוט ו/או הכללה>,<פירוט ו/או הכללה>,<פירוט ו/או הכללה>,<פירוט ו/או הכללה>,<פירוט ו/או הכללה>,מדרש רבה על התורה,Midrash Rabbah on the Torah,36,<חוסר>,<חוסר>,Midrash rabbah. Pentateuch,987007265454105171,Midrash Rabbah on the Torah,Midrash Rabbah on the Torah,"Midrash-Rabba, Aggadic Midrash",
בראשית רבה,בראשית,1.1,1,1.1,1.1:1:1.1,בראשית רבה,1,Genesis Rabbah,9,Genesis Rabbah,1,בראשית רבה,9,בראשית רבה,11,בראשית רבה,9,<פירוט ו/או הכללה>,<פירוט ו/או הכללה>,<פירוט ו/או הכללה>,<חוסר>,<חוסר>,Midrash rabbah. Genesis,987007286644205171,Genesis Rabbah,Bereshit Rabbah,"Aggadic Midrash, Amoraic Midrash, Midrash-Rabba",
בראשית רבה - ויחי,בראשית,1.1,1,1.2,1.1:1:1.2,<פירוט ו/או הכללה>,<פירוט ו/או הכללה>,<פירוט ו/או הכללה>,<פירוט ו/או הכללה>,Va-Yeḥi Rabbah,20,<פירוט ו/או הכללה>,<פירוט ו/או הכללה>,<פירוט ו/או הכללה>,<פירוט ו/או הכללה>,<פירוט ו/או הכללה>,<פירוט ו/או הכללה>,<פירוט ו/או הכללה>,<פירוט ו/או הכללה>,<פירוט ו/או הכללה>,<חוסר>,<חוסר>,,,Genesis Rabbah – Vayehi,Bereshit Rabbah – Vayehi,"Aggadic Midrash, Tanhuma-Yelmanu, Midrash-Rabba",
שמות רבה,שמות,1.2,1,1,1.2:1:1.0,שמות רבה,2,Exodus Rabbah,16,<פירוט ו/או הכללה>,<פירוט ו/או הכללה>,<פירוט ו/או הכללה>,<פירוט ו/או הכללה>,שמות רבה,12,שמות רבה,10,<פירוט ו/או הכללה>,<פירוט ו/או הכללה>,<פירוט ו/או הכללה>,<חוסר>,<חוסר>,Midrash rabbah. Exodus,987007265453905171,Exodus Rabbah,Shemot Rabbah,"Aggadic Midrash, Late Midrash",
שמות רבה - חלק א,שמות,1.2,1,1.1,1.2:1:1.1,שמות רבה - חלק א,2.1,<פירוט ו/או הכללה>,<פירוט ו/או הכללה>,Exodus Rabbah I,24,שמות רבה (פרשיות א-יא),37,<פירוט ו/או הכללה>,<פירוט ו/או הכללה>,<פירוט ו/או הכללה>,<פירוט ו/או הכללה>,<פירוט ו/או הכללה>,<פירוט ו/או הכללה>,<פירוט ו/או הכללה>,<חוסר>,<חוסר>,,,Exodus Rabbah – Part 1,Shemot Rabbah – Part 1,"Aggadic Midrash, Late Midrash",
שמות רבה - חלק ב,שמות,1.2,1,1.2,1.2:1:1.2,שמות רבה - חלק ב,2.2,<פירוט ו/או הכללה>,<פירוט ו/או הכללה>,Exodus Rabbah II,19,שמות רבה (פרשיות יב-מ),20,<פירוט ו/או הכללה>,<פירוט ו/או הכללה>,<פירוט ו/או הכללה>,<פירוט ו/או הכללה>,<פירוט ו/או הכללה>,<פירוט ו/או הכללה>,<פירוט ו/או הכללה>,<חוסר>,<חוסר>,,,Exodus Rabbah – Part 2,Shemot Rabbah – Part 2,"Tanhuma-Yelmanu, Midrash-Rabba, Aggadic Midrash, Late Midrash",
ויקרא רבה,ויקרא,1.3,1,1,1.3:1:1.0,ויקרא רבה,3,Leviticus Rabbah,11,Leviticus Rabbah,2,ויקרא רבה,10,ויקרא רבה,13,ויקרא רבה,11,<פירוט ו/או הכללה>,<פירוט ו/או הכללה>,<פירוט ו/או הכללה>,<חוסר>,<חוסר>,Midrash rabbah. Leviticus,987007286638505171,Leviticus Rabbah,Vayikra Rabbah,"Aggadic Midrash, Amoraic Midrash, Midrash-Rabba",
במדבר רבה,במדבר,1.4,1,1,1.4:1:1.0,במדבר רבה,4,Numbers Rabbah,17,<פירוט ו/או הכללה>,<פירוט ו/או הכללה>,<פירוט ו/או הכללה>,<פירוט ו/או הכללה>,במדבר רבה,14,במדבר רבה,12,<פירוט ו/או הכללה>,<פירוט ו/או הכללה>,<פירוט ו/או הכללה>,<חוסר>,<חוסר>,Midrash rabbah. Numbers,987007286640505171,Numbers Rabbah,Bemidbar Rabbah,"Midrash-Rabba, Aggadic Midrash",
במדבר רבה א,במדבר,1.4,1,1.1,1.4:1:1.1,<פירוט ו/או הכללה>,<פירוט ו/או הכללה>,<פירוט ו/או הכללה>,<פירוט ו/או הכללה>,Numbers Rabbah,38,במדבר רבה (פרשיות א-יד),38,<פירוט ו/או הכללה>,<פירוט ו/או הכללה>,<פירוט ו/או הכללה>,<פירוט ו/או הכללה>,<פירוט ו/או הכללה>,<פירוט ו/או הכללה>,<פירוט ו/או הכללה>,<חוסר>,<חוסר>,,,Numbers Rabbah – Part 1,Bemidbar Rabbah – Part 1,"Midrash-Rabba, Aggadic Midrash, Late Midrash",
במדבר רבה ב,במדבר,1.4,1,1.2,1.4:1:1.2,<פירוט ו/או הכללה>,<פירוט ו/או הכללה>,<פירוט ו/או הכללה>,<פירוט ו/או הכללה>,Numbers Rabbah II,17,במדבר רבה (פרשיות טו-כג),21,<פירוט ו/או הכללה>,<פירוט ו/או הכללה>,<פירוט ו/או הכללה>,<פירוט ו/או הכללה>,<פירוט ו/או הכללה>,<פירוט ו/או הכללה>,<פירוט ו/או הכללה>,<חוסר>,<חוסר>,,,Numbers Rabbah – Part 2,Bemidbar Rabbah – Part 2,"Midrash-Rabba, Tanhuma-Yelmanu, Aggadic Midrash",
דברים רבה,דברים,1.5,1,1,1.5:1:1.0,דברים רבה,5.1,Deuteronomy Rabbah,15,Deuteronomy Rabbah,14,דברים רבה,22,דברים רבה,15,דברים רבה,13,<פירוט ו/או הכללה>,<פירוט ו/או הכללה>,<פירוט ו/או הכללה>,<חוסר>,<חוסר>,Midrash rabbah. Deuteronomy,987007286640205171,Deuteronomy Rabbah,Devarim Rabbah,"Midrash-Rabba, Late Midrash, Aggadic Midrash, Tanhuma-Yelmanu",
דברים רבה ליברמן,דברים,1.5,1,2,1.5:1:2.0,דברים רבה ליברמן,5.2,<חוסר>,<חוסר>,<חוסר>,<חוסר>,<חוסר>,<חוסר>,<חוסר>,<חוסר>,<חוסר>,<חוסר>,<פירוט ו/או הכללה>,<פירוט ו/או הכללה>,<פירוט ו/או הכללה>,<חוסר>,<חוסר>,,,Deuteronomy Rabbah Lieberman,Devarim Rabbah Lieberman,"Midrash-Rabba, Aggadic Midrash, Tanhuma-Yelmanu",
תנחומא - ילמדנו,תורה,1.1-5,2,1,1.1-5:2:1.0,<פירוט ו/או הכללה>,<פירוט ו/או הכללה>,tanḥuma - Yelamdenu,14,Tanḥuma,15,מדרשי התנחומא,19,מדרש תנחומא,30,תנחומא ילמדנו,28,<פירוט ו/או הכללה>,<פירוט ו/או הכללה>,<פירוט ו/או הכללה>,<חוסר>,<חוסר>,Midrash Tanhuma,987007286637405171,Tanhuma–Yelamdenu,Tanhuma–Yelamdenu,"Tanhuma-Yelmanu, Aggadic Midrash",
מדרשי ילמדנו,תורה,1.1-5,2,2,1.1-5:2:2.0,<חיבור משוער>,<חיבור משוער>,<חיבור משוער>,<חיבור משוער>,Yellamedenu Midrashim,22,<חיבור משוער>,<חיבור משוער>,מדרש ילמדנו,31,<חיבור משוער>,<חיבור משוער>,<חיבור משוער>,<חיבור משוער>,<חיבור משוער>,<חוסר>,<חוסר>,Yelammedenu Midrashim,987007531691305171,Yelamdenu Midrashim,Midrashei Yelamdenu,"Tanhuma-Yelmanu, Aggadic Midrash",
תנחומא הנדפס - קושטא,תורה,1.1-5,2,3,1.1-5:2:3.0,תנחומא הנדפס - קושטא,6.1,<פירוט ו/או הכללה>,<פירוט ו/או הכללה>,<פירוט ו/או הכללה>,<פירוט ו/או הכללה>,<פירוט ו/או הכללה>,<פירוט ו/או הכללה>,<פירוט ו/או הכללה>,<פירוט ו/או הכללה>,<פירוט ו/או הכללה>,<פירוט ו/או הכללה>,תנחומא (הנדפס),Tanhuma (printed version),34,<חוסר>,<חוסר>,,,Printed Tanhuma – Constantinople,Printed Tanhuma – Constantinople,"Tanhuma-Yelmanu, Aggadic Midrash",
תנחומא הנדפס - מנטובה,תורה,1.1-5,2,4,1.1-5:2:4.0,תנחומא הנדפס - מנטובה,6.2,<פירוט ו/או הכללה>,<פירוט ו/או הכללה>,<פירוט ו/או הכללה>,<פירוט ו/או הכללה>,<פירוט ו/או הכללה>,<פירוט ו/או הכללה>,<פירוט ו/או הכללה>,<פירוט ו/או הכללה>,<פירוט ו/או הכללה>,<פירוט ו/או הכללה>,<פירוט ו/או הכללה>,<פירוט ו/או הכללה>,<פירוט ו/או הכללה>,<חוסר>,<חוסר>,,,Printed Tanhuma – Mantua,Printed Tanhuma – Mantua,"Tanhuma-Yelmanu, Aggadic Midrash",
תנחומא בובר,תורה,1.1-5,2,5,1.1-5:2:5.0,תנחומא בובר,6.3,<פירוט ו/או הכללה>,<פירוט ו/או הכללה>,Tanḥuma (Buber),16,<פירוט ו/או הכללה>,<פירוט ו/או הכללה>,<פירוט ו/או הכללה>,<פירוט ו/או הכללה>,<פירוט ו/או הכללה>,<פירוט ו/או הכללה>,תנחומא (בובר),Tanhuma (Buber),33,<חוסר>,<חוסר>,Tanhuma Buber,,Tanhuma Buber,Tanhuma Buber,"Tanhuma-Yelmanu, Aggadic Midrash",
מדרש רבה על חמש מגילות,חמש מגילות ,1.17-21,1,1,1.17-21:1:1.0,<פירוט ו/או הכללה>,<פירוט ו/או הכללה>,<פירוט ו/או הכללה>,<פירוט ו/או הכללה>,<פירוט ו/או הכללה>,<פירוט ו/או הכללה>,<פירוט ו/או הכללה>,<פירוט ו/או הכללה>,<פירוט ו/או הכללה>,<פירוט ו/או הכללה>,<פירוט ו/או הכללה>,<פירוט ו/או הכללה>,מדרש רבה על חמש מגילות,Midrash Rabbah on the Five Megillot,37,<חוסר>,<חוסר>,Midrash rabbah. Five Scrolls,987007286639705171,Midrash Rabbah on the Five Megillot,Midrash Rabbah on the Five Megillot,"Midrash-Rabba, Aggadic Midrash",scroll midrashim
שיר השירים רבה,שיר השירים,1.17,1,1,1.17:1:1.0,שיר השירים רבה,7,Midrash Shir ha-Shirim or Song of Songs Rabbah,24,Songs Rabbah,6,שיר השירים רבה,13,שיר השירים רבה,17,שיר השירים רבה,14,<פירוט ו/או הכללה>,<פירוט ו/או הכללה>,<פירוט ו/או הכללה>,<חוסר>,<חוסר>,Midrash rabbah. Song of Songs,987007286638905171,Song of Songs Rabbah,Shir HaShirim Rabbah,"Midrash-Rabba, Amoraic Midrash, Aggadic Midrash",scroll midrashim
רות רבה,רות,1.18,1,1,1.18:1:1.0,רות רבה,8,Midrash Ruth,25,Ruth Rabbah,7,רות רבה,23,רות רבה,18,רות רבה,17,<פירוט ו/או הכללה>,<פירוט ו/או הכללה>,<פירוט ו/או הכללה>,<חוסר>,<חוסר>,Midrash rabbah. Ruth,987007286639105171,Ruth Rabbah,Rut Rabbah,"Midrash-Rabba, Amoraic Midrash",scroll midrashim
איכה רבה,איכה,1.19,1,1,1.19:1:1.0,איכה רבה,9,Lamentations Rabbah,10,Lamentations Rabbah,3,איכה רבה,11,איכה רבה,20,איכה רבה,19,<פירוט ו/או הכללה>,<פירוט ו/או הכללה>,<פירוט ו/או הכללה>,<חוסר>,<חוסר>,Midrash rabbah. Lamentations,987007265454305171,Lamentations Rabbah,Eikhah Rabbah,"Midrash-Rabba, Amoraic Midrash",scroll midrashim
קהלת רבה,קהלת,1.20,1,1,1.20:1:1.0,קהלת רבה,10,Midrash Qohelet (Ecclesiastes Rabbah),26,Ecclesiastes Rabbah,12,קהלת רבה,24,קהלת רבה,21,קהלת רבה,21,<פירוט ו/או הכללה>,<פירוט ו/או הכללה>,<פירוט ו/או הכללה>,<חוסר>,<חוסר>,Midrash rabbah. Ecclesiastes,987007286639405171,Ecclesiastes Rabbah,Kohelet Rabbah,"Midrash-Rabba, Amoraic Midrash",scroll midrashim
אסתר רבה,אסתר,1.21,1,1,1.21:1:1.0,אסתר רבה,11,Midrash Esther,27,<פירוט ו/או הכללה>,<פירוט ו/או הכללה>,<פירוט ו/או הכללה>,<פירוט ו/או הכללה>,אסתר רבה,19,<פירוט ו/או הכללה>,<פירוט ו/או הכללה>,מדרש מגילת אסתר,,21,<חוסר>,<חוסר>,Midrash rabbah. Esther,987007286639905171,Esther Rabbah,Esther Rabbah,"Midrash-Rabba, Late Midrash",scroll midrashim
אסתר רבה - חלק א,אסתר,1.21,1,1.1,1.21:1:1.1,אסתר רבה - חלק א,11.1,<פירוט ו/או הכללה>,<פירוט ו/או הכללה>,Eshther Rabbah I,4,אסתר רבה (פרשיות א-ו),12,<פירוט ו/או הכללה>,<פירוט ו/או הכללה>,אסתר רבה א,23,<פירוט ו/או הכללה>,,<פירוט ו/או הכללה>,<חוסר>,<חוסר>,,,Esther Rabbah – Part 1,Esther Rabbah – Part 1,Midrash-Rabba,scroll midrashim
אסתר רבה - חלק ב,אסתר,1.21,1,1.2,1.21:1:1.2,אסתר רבה - חלק ב,11.2,<פירוט ו/או הכללה>,<פירוט ו/או הכללה>,Esther Rabbah II,32,אסתר רבה (פרשיות ז-י),39,<פירוט ו/או הכללה>,<פירוט ו/או הכללה>,אסתר רבה ב,24,<פירוט ו/או הכללה>,,<פירוט ו/או הכללה>,<חוסר>,<חוסר>,,,Esther Rabbah – Part 2,Esther Rabbah – Part 2,Midrash-Rabba,scroll midrashim
תרגום שני למגילת אסתר,אסתר,1.21,2,1,1.21:2:1.0,<חוסר>,<חוסר>,<חוסר>,<חוסר>,Targum Sheni,8,תרגום שני למגילת אסתר,30,<חוסר>,<חוסר>,<חוסר>,<חוסר>,<חוסר>,,<חוסר>,<חוסר>,<חוסר>,Targum sheni,987007268734105171,Second Targum to Esther,Targum Sheni to Megillat Esther,Late Midrash,scroll midrashim; Late Midrash; Targumic Midrash
פסיקתא דרב כהנא,הפטרות ומועדי השנה,1.25,1,1,1.25:1:1.0,פסיקתא דרב כהנא,12,Pesiqta de Rab Kahana,12,Pesikta de-Rav Kahana,5,פסיקתא דרב כהנא,14,פסיקתא דרב כהנא,28,פסיקתא דרב כהנא,27,פסיקתא דרב כהנא,Pesiqta de-Rav Kahana,10,<חוסר>,<חוסר>,Pesikta de-Rav Kahana,987007286636905171,Pesikta de-Rav Kahana,Pesikta de-Rav Kahana,"Amoraic Midrash, Aggadic Midrash",
פסיקתא רבתי,הפטרות ומועדי השנה,1.25,2,1,1.25:2:1.0,פסיקתא רבתי,13,Pesiqta Rabbati,13,Pesikta Rabbati,18,פסיקתא רבתי,31,פסיקתא רבתי,29,פסיקתא רבתי,29,פסיקתא רבתי,Pesiqta Rabbati,12,<חוסר>,<חוסר>,Pesikta rabbati,987007286636705171,Pesikta Rabbati,Pesikta Rabbati,"Aggadic Midrash, Tanhuma-Yelmanu",
פסיקתא רבתי לעשרת הדיברות,הפטרות ומועדי השנה,1.25,2,1.1,1.25:2:1.1,פסיקתא רבתי לעשרת הדיברות,13.3,<פירוט ו/או הכללה>,<פירוט ו/או הכללה>,<פירוט ו/או הכללה>,<פירוט ו/או הכללה>,<פירוט ו/או הכללה>,<פירוט ו/או הכללה>,<פירוט ו/או הכללה>,<פירוט ו/או הכללה>,<פירוט ו/או הכללה>,<פירוט ו/או הכללה>,,,,<חוסר>,<חוסר>,,,Pesikta Rabbati on the Ten Commandments,Pesikta Rabbati le-Aseret HaDibrot,"Amoraic Midrash, Aggadic Midrash",
מדרש שמואל,שמואל,1.8,1,1,1.8:1:1.0,מדרש שמואל,14,Midrash Samuel,79,Midrash Samuel,11,מדרש שמואל,46,מדרש שמואל,33,מדרש שמואל,31,מדרש שמואל,Midrash Samuel,25,<חוסר>,<חוסר>,Midrash Samuel,987007286638105171,Midrash Samuel,Midrash Shmuel,"Aggadic Midrash, Amoraic Midrash",
מדרש תהלים,תהלים,1.14,1,1,1.14:1:1.0,מדרש תהלים,15,Midrash on Psalms,33,<פירוט ו/או הכללה>,<פירוט ו/או הכללה>,<פירוט ו/או הכללה>,<פירוט ו/או הכללה>,מדרש תהלים,34,מדרש תהילים – שוחר טוב,32,מדרש תהלים,Midrash Tehillim,19,<חוסר>,<חוסר>,Midrash Tehillim,987007590391505171,Midrash Psalms,Midrash Tehillim,"Aggadic Midrash, Late Midrash",
מדרש תהלים א,תהלים,1.14,1,1.1,1.14:1:1.1,<פירוט ו/או הכללה>,<פירוט ו/או הכללה>,<פירוט ו/או הכללה>,<פירוט ו/או הכללה>,Midrash Tehillim I,23,מדרש תהילים (מזמורים א-קיח),28,<פירוט ו/או הכללה>,<פירוט ו/או הכללה>,<פירוט ו/או הכללה>,<פירוט ו/או הכללה>,<פירוט ו/או הכללה>,<פירוט ו/או הכללה>,<פירוט ו/או הכללה>,<חוסר>,<חוסר>,,,Midrash Psalms – Part 1,Midrash Tehillim – Part 1,"Aggadic Midrash, Late Midrash",
מדרש תהלים ב,תהלים,1.14,1,1.2,1.14:1:1.2,<פירוט ו/או הכללה>,<פירוט ו/או הכללה>,<פירוט ו/או הכללה>,<פירוט ו/או הכללה>,Midrash Tehillim II,33,מדרש תהילים (מזמורים קיט-קנ),48,<פירוט ו/או הכללה>,<פירוט ו/או הכללה>,<פירוט ו/או הכללה>,<פירוט ו/או הכללה>,<פירוט ו/או הכללה>,<פירוט ו/או הכללה>,<פירוט ו/או הכללה>,<חוסר>,<חוסר>,,,Midrash Psalms – Part 2,Midrash Tehillim – Part 2,"Aggadic Midrash, Late Midrash",
מדרש משלי,משלי,1.15,1,1,1.15:1:1.0,מדרש משלי,16,Midrash Mishle,34,Midrash Proverbs,10,מדרש משלי,47,מדרש משלי,35,מדרש משלי,34,מדרש משלי,Midrash Mishley,22,<חוסר>,<חוסר>,Midrash Proverbs,987007286641405171,Midrash Proverbs,Midrash Mishlei,"Aggadic Midrash, Late Midrash",
מדרש איוב,איוב,1.16,1,1,1.16:1:1.0,<חיבור משוער>,<חיבור משוער>,Midrash Job,35,<חיבור משוער>,<חיבור משוער>,<חיבור משוער>,<חיבור משוער>,<חיבור משוער>,<חיבור משוער>,<חיבור משוער>,<חיבור משוער>,<חיבור משוער>,,<חיבור משוער>,<חוסר>,<חוסר>,Midrash Iyov,987007286641905171,Midrash Job,Midrash Iyov,Asserted Text,Asserted Text
שיר השירים זוטא,שיר השירים,1.17,2,1,1.17:2:1.0,שיר השירים זוטא,17,Other Midrashim on Song of Songs (Cant Zutta),28,Aggadat Shir ha-Shirim (Zuta),26,שיר השירים זוטא,45,מדרש זוטא - שיר השירים,22,שיר השירים זוטא,15,שיר השירים זוטא,Shir ha-Shirim Zuta,31,<חוסר>,<חוסר>,Midrash zuta. Shir ha-shirim,987007265453405171,Song of Songs Zuta,Shir HaShirim Zuta,"Aggadic Midrash, Late Midrash",scroll midrasim
מדרש שיר השירים,שיר השירים,1.17,3,1,1.17:3:1.0,מדרש שיר השירים,18,<חוסר>,<חוסר>,Midrash Shir ha-Shirim,30,מדרש שיר השירים,32,<חוסר>,<חוסר>,מדרש שיר השירים,16,<חוסר>,,<חוסר>,<חוסר>,<חוסר>,Midrash rabbah. Song of Songs,987007286638905171,Midrash Song of Songs,Midrash Shir HaShirim,"Aggadic Midrash, Late Midrash",scroll midrasim
איכה זוטא,איכה,1.19,2,1,1.19:2:1.0,איכה זוטא,19,<חוסר>,<חוסר>,Lamentations Zuta,29,<חוסר>,<חוסר>,מדרש זוטא - איכה,24,איכה זוטא,20,איכה זוטא,E'kha Zuta,30,<חוסר>,<חוסר>,Midrash zuta. Lamentations,987007265453505171,Lamentations Zuta,Eikhah Zuta,"Aggadic Midrash, Late Midrash",scroll midrasim
קהלת זוטא,קהלת,1.20,2,1,1.20:2:1.0,קהלת זוטא,20,Other Midrashim on Qohelet (Eccl Zutta),29,Ecclesiastes Zuta,28,קהלת זוטא,25,מדרש זוטא - קהלת,25,קהלת זוטא,22,קהלת זוטא,Qohelet Zuta,13,<חוסר>,<חוסר>,Midrash zuta. Ecclesiastes,987014605379305171,Ecclesiastes Zuta,Kohelet Zuta,Aggadic Midrash,scroll midrasim
אסתר זוטא,אסתר,1.21,3,1,1.21:3:1.0,אסתר זוטא,21,Other Midrashim on Esther,30,<חוסר>,<חוסר>,<חוסר>,<חוסר>,<חוסר>,<חוסר>,<חוסר>,<חוסר>,<חוסר>,,<חוסר>,<חוסר>,<חוסר>,Midrash Zuta. Esther,987012880102605171,Esther Zuta,Esther Zuta,,scroll midrasim
מדרש אבא גוריון (אסתר),Townsend,T,,,2:T,מדרש אבא גוריון (אסתר),22,<פירוט ו/או הכללה>,<פירוט ו/או הכללה>,Abba Guryon,31,מדרש אבא גוריון,49,ספרי דאגדתא על אסתר - מדרש אבא גוריון,26,מדרש אבא גוריון,25,מדרש אבא גוריון,Midrash Abba Guryon,14,Midrash Abba Gurion,2,Midrash Abba Guryon,987007286644705171,Midrash Abba Gurion (Esther),Midrash Abba Gurion (Esther),,
פנים אחרים לאסתר (גרסה א),Townsend,T,,,295:T,<חוסר>,<חוסר>,<פירוט ו/או הכללה>,<פירוט ו/או הכללה>,Panim Aḥerim le-Esther (version 1),34,מדרש פנים אחרות,15,ספרי דאגדתא על אסתר - מדרש פנים אחרים נוסח א',27,<חוסר>,<חוסר>,מדרש פנים אחרים,Midrash Panim Aherim,23,Panim Aherot I,9,Midrash panim aherot,987007286641005171,Panim Aherim to Esther (Version 1),Panim Aherim to Esther (Version 1),,
מדרש פנים אחרות נוסח ב (אסתר),Townsend,T,,,296:T,מדרש פנים אחרות נוסח ב (אסתר),23,<פירוט ו/או הכללה>,<פירוט ו/או הכללה>,<חוסר>,<חוסר>,<פירוט ו/או הכללה>,<פירוט ו/או הכללה>,ספרי דאגדתא על אסתר - מדרש פנים אחרים נוסח ב',27,מדרש פנים אחרות נוסח ב',26,"מדרש פנים אחרים, נוסחא ב",Midrash Panim Aherim II,24,Midrash Panim Aherot II,3,,,Midrash Panim Aherot – Recension 2 (Esther),Midrash Panim Aherot – Recension 2 (Esther),,
מדרש פנים אחרות נוסח ג (אסתר),אסתר,1.21,4,1.1,1.21:4:1.1,<פירוט ו/או הכללה>,<פירוט ו/או הכללה>,<פירוט ו/או הכללה>,<פירוט ו/או הכללה>,<חוסר>,<חוסר>,<פירוט ו/או הכללה>,<פירוט ו/או הכללה>,<פירוט ו/או הכללה>,<פירוט ו/או הכללה>,<פירוט ו/או הכללה>,<פירוט ו/או הכללה>,<פירוט ו/או הכללה>,,<פירוט ו/או הכללה>,Midrash Panim Aherot III,5,,,Midrash Panim Aherot – Recension 3 (Esther),Midrash Panim Aherot – Recension 3 (Esther),,
מדרש פנים אחרות נוסח ד (אסתר),אסתר,1.21,4,1.2,1.21:4:1.2,<חוסר>,<חוסר>,<חוסר>,<חוסר>,<חוסר>,<חוסר>,<חוסר>,<חוסר>,<חוסר>,<חוסר>,<חוסר>,<חוסר>,<חוסר>,,<חוסר>,Midrash Panim Aherot IV,6,,,Midrash Panim Aherot – Recension 4 (Esther),Midrash Panim Aherot – Recension 4 (Esther),,
מדרש פנים אחרות נוסח ה (אסתר),אסתר,1.21,4,1.3,1.21:4:1.3,<פירוט ו/או הכללה>,<פירוט ו/או הכללה>,<פירוט ו/או הכללה>,<פירוט ו/או הכללה>,<חוסר>,<חוסר>,<פירוט ו/או הכללה>,<פירוט ו/או הכללה>,<פירוט ו/או הכללה>,<פירוט ו/או הכללה>,<פירוט ו/או הכללה>,<פירוט ו/או הכללה>,<פירוט ו/או הכללה>,,<פירוט ו/או הכללה>,Midrash Panim Aherot V,7,,,Midrash Panim Aherot – Recension 5 (Esther),Midrash Panim Aherot – Recension 5 (Esther),,
מדרש עתיק לאסתר רבה,אסתר,1.21,5,1,1.21:5:1.0,<חוסר>,<חוסר>,<חוסר>,<חוסר>,<חוסר>,<חוסר>,<חוסר>,<חוסר>,<חוסר>,<חוסר>,<חוסר>,<חוסר>,<חוסר>,,<חוסר>,Ancient Midrash to Esther Midrash Esther Rabba,4,,,Ancient Midrash to Esther Rabbah,Ancient Midrash to Esther Rabbah,,
נרטיב אגדי לאסתר,אסתר,1.21,6,1,1.21:6:1.0,<חוסר>,<חוסר>,<חוסר>,<חוסר>,<חוסר>,<חוסר>,<חוסר>,<חוסר>,<חוסר>,<חוסר>,<חוסר>,<חוסר>,<חוסר>,,<חוסר>,Aggadic-Narrative Midrash,8,,,Aggadic Narrative to Esther,Aggadic Narrative to Esther,,
"מדרש אסתר לא נודע (כת""י וינה 26:4, דפים 1א - 8א)",אסתר,1.21,7,1,1.21:7:1.0,<חוסר>,<חוסר>,<חוסר>,<חוסר>,<חוסר>,<חוסר>,<חוסר>,<חוסר>,<חוסר>,<חוסר>,<חוסר>,<חוסר>,<חוסר>,,<חוסר>,"ms Vienna 26:4, ff. 1r-8r",10,,,"Unkown Midrash for Esther (Vienna MS 26:4, fols. 1a–8a)","Unkown Midrash for Esther (Vienna MS 26:4, fols. 1a–8a)",,
תנא דבי אליהו,Townsend,T,,,354:T,תנא דבי אליהו,24,Tanna de-bê Eliyahu,57,"Tanna de-Vei Eliyahu (""Seder Eliyahu"")",47,תנא דבי אליהו,33,תנא דבי אליהו,38,סדר אליהו,39,תנא דבי אליהו,Tana deVey Eliyahu,35,<חוסר>,<חוסר>,Tanna de-vei Eliyahu,987007287483905171,Tanna de-Vei Eliyahu,Tanna de-Vei Eliyahu,"Late Midrash, Aggadic Midrash",
תנא דבי אליהו רבה/סדר אליהו רבה,Townsend,T,,,36:T,תנא דבי אליהו רבה,24.1,<פירוט ו/או הכללה>,<פירוט ו/או הכללה>,<פירוט ו/או הכללה>,<פירוט ו/או הכללה>,<פירוט ו/או הכללה>,<פירוט ו/או הכללה>,<פירוט ו/או הכללה>,<פירוט ו/או הכללה>,<פירוט ו/או הכללה>,<פירוט ו/או הכללה>,סדר אליהו זוטא,Seder Eliyahu Zuta,2,<חוסר>,<חוסר>,,,Tanna de-Vei Eliyahu Rabbah / Seder Eliyahu Rabbah,Tanna de-Vei Eliyahu Rabbah / Seder Eliyahu Rabbah,"Late Midrash, Aggadic Midrash",
תנא דבי אליהו זוטא,Townsend,T,,,358:T,תנא דבי אליהו זוטא,24.2,<פירוט ו/או הכללה>,<פירוט ו/או הכללה>,<פירוט ו/או הכללה>,<פירוט ו/או הכללה>,<פירוט ו/או הכללה>,<פירוט ו/או הכללה>,<פירוט ו/או הכללה>,<פירוט ו/או הכללה>,<פירוט ו/או הכללה>,<פירוט ו/או הכללה>,סדר אליהו רבא,Seder Eliyahu Rabba,3,<חוסר>,<חוסר>,,,Tanna de-Vei Eliyahu Zuta,Tanna de-Vei Eliyahu Zuta,"Late Midrash, Aggadic Midrash",
שבעת פרקי רבי אליעזר,לא מקראי,3,1,1,3:1:1.0,<פירוט ו/או הכללה>,<פירוט ו/או הכללה>,<פירוט ו/או הכללה>,<פירוט ו/או הכללה>,<פירוט ו/או הכללה>,<פירוט ו/או הכללה>,שבעת פרקי רבי אליעזר,35,<פירוט ו/או הכללה>,<פירוט ו/או הכללה>,<פירוט ו/או הכללה>,<פירוט ו/או הכללה>,<פירוט ו/או הכללה>,,<פירוט ו/או הכללה>,<חוסר>,<חוסר>,,,Seven Chapters of Rabbi Eliezer,Shivat Pirkei Rabbi Eliezer,Smaller Midrashim,
פרקי דרבי אליעזר,Townsend,T,,,41:T,פרקי דרבי אליעזר,25,Pirqe de Rabbi Eliezer,39,Pirkei de-R. Eliezer,48,פרקי דרבי אליעזר,34,פרקי דרבי אליעזר,37,פרקי דרבי אליעזר,38,פרקי דרבי אליעזר,Pirqey de-Rabbi Eliezer,9,<חוסר>,<חוסר>,Pirkei de-Rabbi Eliezer,987007266536705171,Pirkei de-Rabbi Eliezer,Pirkei de-Rabbi Eliezer,"Late Midrash, Aggadic Midrash",
מדרש אגור,Townsend,T,,,10:T,מדרש אגור,26,<חוסר>,<חוסר>,"Midrash Agur (Called ""Mishnat R. Eliezer"")",49,<חוסר>,<חוסר>,משנת רבי אליעזר,39,<חוסר>,,משנת רבי אליעזר,Mishnat R. Eliezer,1,<חוסר>,<חוסר>,Baraita of 32 rules,987009950576005171,Midrash Agur,Midrash Agur,"Aggadic Midrash, Late Midrash",
אבות דרבי נתן,סדר משנה/תלמוד,2,1,1,2:1:1.0,<פירוט ו/או הכללה>,<פירוט ו/או הכללה>,<חוסר>,<חוסר>,<חוסר>,<חוסר>,אבות דרבי נתן,26,<חוסר>,<חוסר>,אבות דרבי נתן,37,<חוסר>,,<חוסר>,<חוסר>,<חוסר>,Avot de-Rabbi Nathan,987007258168205171,Avot de-Rabbi Natan,Avot de-Rabbi Natan,"Aggadic Midrash, Late Midrash",
אבות דרבי נתן א,סדר משנה/תלמוד,2,1,2,2:1:2.0,אבות דרבי נתן א,27.1,<חוסר>,<חוסר>,<חוסר>,<חוסר>,<פירוט ו/או הכללה>,<פירוט ו/או הכללה>,<חוסר>,<חוסר>,<פירוט ו/או הכללה>,<פירוט ו/או הכללה>,<חוסר>,,<חוסר>,<חוסר>,<חוסר>,,,Avot de-Rabbi Natan – Version A,Avot de-Rabbi Natan – Version 1,"Aggadic Midrash, Late Midrash",
אבות דרבי נתן ב,סדר משנה/תלמוד,2,1,3,2:1:3.0,אבות דרבי נתן ב,27.2,<חוסר>,<חוסר>,<חוסר>,<חוסר>,<פירוט ו/או הכללה>,<פירוט ו/או הכללה>,<חוסר>,<חוסר>,<פירוט ו/או הכללה>,<פירוט ו/או הכללה>,<חוסר>,,<חוסר>,<חוסר>,<חוסר>,,,Avot de-Rabbi Natan – Version B,Avot de-Rabbi Natan – Version 2,"Aggadic Midrash, Late Midrash",
סדר עולם,לא מקראי,3,2,1,3:2:1.0,,28,Seder Olam,36,<חוסר>,<חוסר>,<חוסר>,<חוסר>,סדר עולם רבה,9,סדר עולם,35,<חוסר>,,<חוסר>,<חוסר>,<חוסר>,Seder olam rabbah,987007289814205171,Seder Olam,Seder Olam,"Aggadic Midrash, Tannitic Midrash",
ילקוט שמעוני,מקרא,1,1,1,1:1:1.0,ילקוט שמעוני,29,Yalqut Shimo͑ny,72,Yalkut Shimoni,39,ילקוט שמעוני,61,ילקוט שמעוני על התורה,45,ילקוט שמעוני,43,ילקוט שמעוני,Yalqut Shim'oni,67,<חוסר>,<חוסר>,Yalkut Shimoni,987007590392105171,Yalkut Shimoni,Yalkut Shimoni,Yalqutim (Anthologies),
פתרון תורה,תורה,1.3-5,1,1,1.3-5:1:1.0,פתרון תורה,30,Pitron Torah,81,<חוסר>,<חוסר>,פתרון תורה,57,פתרון תורה,44,פתרון תורה,40,<חוסר>,,<חוסר>,<חוסר>,<חוסר>,,,Pitron Torah,Pitron Torah,Yalqutim (Anthologies),
ילקוט מכירי,נביאים-כתובים,1.6-24,1,1,1.6-24:1:1.0,ילקוט מכירי,31,Yalqut ha-Makhiri,73,Yalkut Makhiri,41,ילקוט המכירי,62,<חוסר>,<חוסר>,ילקוט המכירי,45,<חוסר>,,<חוסר>,<חוסר>,<חוסר>,,,Yalkut Makhiri,Yalkut Makhiri,Yalqutim (Anthologies),
מדרש הגדול,תורה,1.1-5,3,1,1.1-5:3:1.0,A,32,Midrash ha-Gadol,75,Midrash ha-Gadol,40,מדרש הגדול,63,מדרש הגדול,47,מדרש הגדול,44,מדרש הגדול,Midrash ha-Gadol,54,<חוסר>,<חוסר>,Midrash ha-gadol,987007286643205171,Midrash HaGadol,Midrash HaGadol,"Yalqutim (Anthologies), Yemanite Midrashim",
אגדת אסתר,אסתר,1.21,8,1,1.21:8:1.0,<פירוט ו/או הכללה>,<פירוט ו/או הכללה>,<פירוט ו/או הכללה>,<פירוט ו/או הכללה>,<פירוט ו/או הכללה>,<פירוט ו/או הכללה>,<פירוט ו/או הכללה>,<פירוט ו/או הכללה>,<פירוט ו/או הכללה>,<פירוט ו/או הכללה>,<פירוט ו/או הכללה>,<פירוט ו/או הכללה>,אגדת אסתר,Agaddat Esther,52,Aggadat Ester,<חוסר>,Aggadat Ester,987007286645405171,Aggadat Esther,Aggadat Esther,"Yalqutim (Anthologies), Yemanite Midrashim",
מדרש החפץ,תורה,1.1-5,4,1,1.1-5:4:1.0,<חוסר>,<חוסר>,<חוסר>,<חוסר>,<חוסר>,<חוסר>,<חוסר>,<חוסר>,<חוסר>,<חוסר>,<חוסר>,<חוסר>,מדרש החפץ,Midrash hs-Hefez,55,<חוסר>,<חוסר>,Midrash ha-Hefets,,Midrash HaHefetz,Midrash HaHefetz,Yemanite Midrashim,
נר השכלים,תורה,1.1-5,5,1,1.1-5:5:1.0,<חוסר>,<חוסר>,<חוסר>,<חוסר>,<חוסר>,<חוסר>,<חוסר>,<חוסר>,<חוסר>,<חוסר>,<חוסר>,<חוסר>,נר השכלים,,76,<חוסר>,<חוסר>,,,Ner HaSekhalim,Ner HaSekhalim,Yemanite Midrashim,
תורת המנחה,תורה,1.1-5,6,1,1.1-5:6:1.0,<חוסר>,<חוסר>,<חוסר>,<חוסר>,<חוסר>,<חוסר>,<חוסר>,<חוסר>,<חוסר>,<חוסר>,<חוסר>,<חוסר>,תורת המנחה,,38,<חוסר>,<חוסר>,,,Torat HaMinhah,Torat HaMinhah,Medieval Midrash/Derashut/Musar,
מדרש דוד הנגיד,תורה,1.1-2,1,1,1.1-2:1:1.0,<חוסר>,<חוסר>,<חוסר>,<חוסר>,<חוסר>,<חוסר>,<חוסר>,<חוסר>,<חוסר>,<חוסר>,<חוסר>,<חוסר>,מדרש דוד הנגיד,Midrash David ha-Nagid,59,<חוסר>,<חוסר>,,,Midrash David HaNagid,Midrash David HaNagid,Judeo-Arabic Midrash,
ילקוט ראובני,תורה,1.1-5,7,1,1.1-5:7:1.0,<חוסר>,<חוסר>,Yalqut Reubeni,74,<חוסר>,<חוסר>,<חוסר>,<חוסר>,<חוסר>,<חוסר>,<חוסר>,<חוסר>,<חוסר>,,<חוסר>,<חוסר>,<חוסר>,,,Yalkut Reuveni,Yalkut Reuveni,Yalqutim (Anthologies),
עין יעקב,סדר משנה/תלמוד,2,2,1,2:2:1.0,<חוסר>,<חוסר>,<חוסר>,<חוסר>,Ein Ya'akov,42,עין יעקב,66,<חוסר>,<חוסר>,<חוסר>,<חוסר>,<חוסר>,,<חוסר>,<חוסר>,<חוסר>,,,Ein Yaakov,Ein Yaakov,Likutim,
מנורת המאור,לא מקראי,3,3,1,3:3:1.0,<חוסר>,<חוסר>,<חוסר>,<חוסר>,<חוסר>,<חוסר>,<חוסר>,<חוסר>,<חוסר>,<חוסר>,<חוסר>,<חוסר>,מנורת המאור,,65,<חוסר>,<חוסר>,,,Menorat HaMa’or,Menorat HaMa’or,Medieval Midrash/Derashut/Musar,
הגדות התלמוד (ילקוט),סדר משנה/תלמוד,2,3,1,2:3:1.0,<חוסר>,<חוסר>,<חוסר>,<חוסר>,Haggadot ha-Talmud,43,,65,<חוסר>,<חוסר>,<חוסר>,<חוסר>,<חוסר>,,<חוסר>,<חוסר>,<חוסר>,,,Aggadot HaTalmud (Yalkut),Aggadot HaTalmud (Yalkut),Likutim,
מדרש הביאור,תורה,1.1-5,8,1,1.1-5:8:1.0,<חוסר>,<חוסר>,<חוסר>,<חוסר>,<חוסר>,<חוסר>,,64,<חוסר>,<חוסר>,<חוסר>,<חוסר>,<חוסר>,,<חוסר>,<חוסר>,<חוסר>,,,Midrash HaBe'ur,Midrash HaBe'ur,Yemanite Midrashim,
דרשה ליום הנחמה,לא מקראי,3,4,1,3:4:1.0,<חוסר>,<חוסר>,<חוסר>,<חוסר>,<חוסר>,<חוסר>,<חוסר>,<חוסר>,<חוסר>,<חוסר>,<חוסר>,<חוסר>,דרשה ליום הנחמה,,45,<חוסר>,<חוסר>,,,Sermon for the Day of Consolation,Derashah for Yom HaNehamah,"Medieval Midrash/Derashut/Musar, Asserted Text",
"דרשות ר""י אבן שועיב",תורה,1.1-5,9,1,1.1-5:9:1.0,<חוסר>,<חוסר>,<חוסר>,<חוסר>,<חוסר>,<חוסר>,<חוסר>,<חוסר>,<חוסר>,<חוסר>,<חוסר>,<חוסר>,"דרשות ר""י אבן שועיב",,46,<חוסר>,<חוסר>,,,Sermons of R. Y. Ibn Shu’ayb,Derashot R. Y. Ibn Shu’ayb,Medieval Midrash/Derashut/Musar,
דרשת בשרתי צדק,לא מקראי,3,5,1,3:5:1.0,<חוסר>,<חוסר>,<חוסר>,<חוסר>,<חוסר>,<חוסר>,<חוסר>,<חוסר>,<חוסר>,<חוסר>,<חוסר>,<חוסר>,דרשת בשרתי צדק,,47,<חוסר>,<חוסר>,,,"Sermon on Psalm 40:10 (""Bisarti Tzedek"")",Derashat Bisarti Tzedek,Medieval Midrash/Derashut/Musar,
מדרש חדש,תורה,1.1-5,2,6,1.1-5:2:6.0,מדרש חדש,34,<חוסר>,<חוסר>,<חוסר>,<חוסר>,<חוסר>,<חוסר>,<חוסר>,<חוסר>,<חוסר>,<חוסר>,מדרש חדש,Midrash Hadash,18,<חוסר>,<חוסר>,,,Midrash Hadash,Midrash Hadash,"Tanhuma-Yelmanu, Late Midrash",
מדרש עשרת הדברות,שמות,1.2,2,1,1.2:2:1.0,מדרש עשרת הדברות,35,Midrash A͑seret ha-Dibrot,43,Midrash Aseret ha-Dibberot,62,מדרש עשרת הדיברות,52,<חוסר>,<חוסר>,מדרש עשרת הדיברות,53,מדרש עשרת הדברות,Midrash Aseret ha-Dibberot,62,<חוסר>,<חוסר>,Midrash Aseret ha-dibrot,987007286644605171,Midrash on the Ten Commandments,Midrash Aseret HaDibrot,"Aggadic Midrash, Late Midrash, Smaller Midrashim, Aggadic Prose",
מדרש אבכיר,Townsend,T,,,4:T,מדרש אבכיר,36,Midrash Abkir,22,Midrash Avkir,64,מדרש אבכיר,54,<חוסר>,<חוסר>,מדרש אבכיר,49,<חוסר>,,<חוסר>,<חוסר>,<חוסר>,Midrash Avkir,987007286644505171,Midrash Abkir,Midrash Avkir,"Late Midrash, Ashkenazi Library Midrashim",
מדרש אספה,Townsend,T,,,49:T,מדרש אספה,37,Midrash Esfah,23,Midrash Esfah,9,מדרש אספה,55,<חוסר>,<חוסר>,מדרש אספה,50,<חוסר>,,<חוסר>,<חוסר>,<חוסר>,Midrash Esfa,987011382539005171,Midrash Esfah,Midrash Esfah,"Late Midrash, Ashkenazi Library Midrashim",
דברים זוטא,דברים,1.5,,,2:1.5,דברים זוטא,38,<חוסר>,<חוסר>,<חוסר>,<חוסר>,דברים זוטא,43,<חוסר>,<חוסר>,מדרש דברים זוטא,51,<חוסר>,,<חוסר>,<חוסר>,<חוסר>,Midrash zuta. Deuteronomy,987011382539105171,Deuteronomy Zuta,Devarim Zuta,"Late Midrash, Ashkenazi Library Midrashim",
דברי הימים של משה רבינו,Townsend,T,,,238:T,דברי הימים של משה רבינו,39,Dibrê ha-yamim shel Moshe,48,Divrey ha-Yamim Shel Moshe,52,<חוסר>,<חוסר>,<חוסר>,<חוסר>,דברי הימים של משה רבנו,52,דברי הימים של משה רבינו,Chronicles of Moses Rabbenu,44,<חוסר>,<חוסר>,Chronicles of Moses,987007574638005171,Chronicles of Moses our Teacher,Divrei HaYamim shel Moshe Rabbenu,"Smaller Midrashim, Aggadic Prose",
לקח טוב/פסיקתא זוטרתא,תורה,1.1-5,10,1,1.1-5:10:1.0,לקח טוב,40,Leqaḥ Tob,77,Lekaḥ Tov (c. 1110),35,<פירוט ו/או הכללה>,<פירוט ו/או הכללה>,<פירוט ו/או הכללה>,<פירוט ו/או הכללה>,לקח טוב - פסיקתא זוטרתא,41,פסיקתא זוטרתא - לקח טוב,Leqakh Tov,11/ 53,<חוסר>,<חוסר>,Lekah tov/ Pesikta zutrata,,Lekah Tov / Pesikta Zutarta,Lekah Tov / Pesikta Zutarta,"Yalqutim (Anthologies), Aggadic Commentary",
שכל טוב,תורה,1.1-3,1,1,1.1-3:1:1.0,שכל טוב,41,Sekhel Tob,78,<חוסר>,<חוסר>,מדרש שכל טוב,59,שכל טוב,42,ילקוט שכל טוב,42,<חוסר>,,<חוסר>,<חוסר>,<חוסר>,"Menachem ben Salomo, active 12th century. Midrash Sekhel tov",987009960620505171,Sekhel Tov,Sekhel Tov,"Yalqutim (Anthologies), Aggadic Commentary",
מדרש אגדה (בובר),תורה,1.1-5,11,1,1.1-5:11:1.0,מדרש אגדה (בובר),41.1,<חוסר>,<חוסר>,Midrash Aggadah,36,מדרש אגדה (בובר),60,מדרש אגדה,36,<חוסר>,<חוסר>,מדרש אגדה,,15,<חוסר>,<חוסר>,,,Midrash Aggadah (Buber),Midrash Aggadah (Buber),"Late Midrash, Aggadic Midrash, Aggadic Commentary",
מדרשים לא מוכרים,לא מזוהה,1.26,1,1,4:1:1.0,מדרשים לא מוכרים,42,<חוסר>,<חוסר>,<חוסר>,<חוסר>,<חוסר>,<חוסר>,<חוסר>,<חוסר>,<חוסר>,<חוסר>,<חוסר>,<חוסר>,<חוסר>,<חוסר>,<חוסר>,,,Unknown Midrashim,Unknown Midrashim,,
מדרש זו היא שנאמרה ברוח הקודש,לא מזוהה,4,2,1,4:2:1.0,<חוסר>,<חוסר>,<חוסר>,<חוסר>,<חוסר>,<חוסר>,<חוסר>,<חוסר>,<חוסר>,<חוסר>,<חוסר>,<חוסר>,מדרש זו היא שנאמרה ברוח הקודש,Midrash Zohi she-Ne'emrah be-Ruah ha-Qodesh,17,<חוסר>,<חוסר>,,,"Midrash beginning ""Zo hi she-ne’emrah be-ruah ha-kodesh""","Midrash ""zo hi she-ne’emrah be-ruah ha-kodesh""",Aggadic Midrash,
מדרשי גניזה לא מוכרים - תנחומאי,לא מזוהה,1.26,1,1.1,4:1:1.1,מדרשי גניזה לא מוכרים - תנחומאי,44.1,<חוסר>,<חוסר>,The Manuscripts of the Tanḥuma,21,<חוסר>,<חוסר>,קטעי מדרשים - גניזה (מאן),16,<חוסר>,<חוסר>,מדרשים בסגנון תנחומא,Tanhuma-type Midrashim,20,<חוסר>,<חוסר>,,,Unknown Genizah Midrashim – Tanhuma Style,Unknown Genizah Midrashim – Tanhuma Style,"Aggadic Midrash, Tanhuma-Yelmanu",
מעשה תורה לרבינו הקדוש ,Townsend,T,,,351:T,מעשה תורה לרבינו הקדוש,45,Midrash Ma͑aseh Torah,58,Midrash Shelosha ve-Arba'ah,54,<חוסר>,<חוסר>,<חוסר>,<חוסר>,<חוסר>,<חוסר>,מעשה תורה,,74,<חוסר>,<חוסר>,Maʻaśeh Torah of Judah ha-Nasi (MAZAL: Maʻaśeh Torah),987007394559105171,Ma'aseh Torah of Rabbenu HaKadosh,Ma'aseh Torah le-Rabbenu HaKadosh,"Aggadic Midrash, Smaller Midrashim, Enumaration Midrash",
מעשה רבי יהושע בן לוי,Townsend,T,,,166:T,מעשה רבי יהושע בן לוי,46,<חוסר>,<חוסר>,<חוסר>,<חוסר>,<חוסר>,<חוסר>,<חוסר>,<חוסר>,<חוסר>,<חוסר>,מעשה דר' יהושע בן לוי,,73,<חוסר>,<חוסר>,,,Ma'aseh Rabbi Yehoshua ben Levi,Ma'aseh Rabbi Yehoshua ben Levi,"Smaller Midrashim, Aggadic Prose",
יצירת הולד,Townsend,T,,,184:T,יצירת הולד,47,<חוסר>,<חוסר>,<חוסר>,<חוסר>,<חוסר>,<חוסר>,<חוסר>,<חוסר>,<חוסר>,<חוסר>,<חוסר>,,<חוסר>,<חוסר>,<חוסר>,,,The Creation of the Embryo,Yetzirat HaValad,Smaller Midrashim,
אלפא ביתא דבן סירא,Townsend,T,,,73:T,אלפא ביתא דבן סירא,48,Alphabet of Ben Sira,44,Alphabet of Ben Sira,65,<חוסר>,<חוסר>,<חוסר>,<חוסר>,<חוסר>,<חוסר>,אלפא ביתא דבן סירא,Alphabet of Ben Sira,48,<חוסר>,<חוסר>,Alphabet of Ben Sira,987007257788305171,Alphabet of Ben Sira,Alfa Beta de-Ben Sira,"Aggadic Prose, Smaller Midrashim",
אותיות דרבי עקיבא,Townsend,T,,,273:T,אותיות דרבי עקיבא,49,Alphabet (Otiyyot) of R. Aqiba,70,Otiyyot de-R. Akiva,53,אותיות דרבי עקיבא,27,<חוסר>,<חוסר>,<חוסר>,<חוסר>,אותיות דרבי עקיבא,,49,<חוסר>,<חוסר>,Otiyyot de-Rabbi Akiva,987007306748305171,Letters of Rabbi Akiva,Otiyyot de-Rabbi Akiva,"Smaller Midrashim, Hekhalot and Mysticism",
חלום מרדכי,Townsend,T,,,230:T,חלום מרדכי,50,<חוסר>,<חוסר>,<חוסר>,<חוסר>,<חוסר>,<חוסר>,<חוסר>,<חוסר>,<חוסר>,<חוסר>,<חוסר>,,<חוסר>,<חוסר>,<חוסר>,,,Dream of Mordecai,Halom Mordekhai,Reworked II Temple Literature,
מעשה שושנה,לא מקראי,3,6,1,3:6:1.0,מעשה שושנה,51,<חוסר>,<חוסר>,<חוסר>,<חוסר>,<חוסר>,<חוסר>,<חוסר>,<חוסר>,<חוסר>,<חוסר>,<חוסר>,,<חוסר>,<חוסר>,<חוסר>,,,Story of Susanna,Ma'aseh Shoshanah,Reworked II Temple Literature,
מדרש חסרות ויתרות,Townsend,T,,,153:T,מדרש חסרות ויתרות,52,Midrash Ḥaserot wi-Yterot,60,Midrash Haserot vi-Yterot,13,<חוסר>,<חוסר>,<חוסר>,<חוסר>,<חוסר>,<חוסר>,מדרש חסרות ויתרות,Midrash Haserot we-Yeterot,64,<חוסר>,<חוסר>,Midrash Haserot vi-yterot,987007590391405171,Midrash on Defective and Plene Spellings,Midrash Haserot ve-Yeterot,"Smaller Midrashim, Amoraic Midrash",
מדרש ויושע,Townsend,T,,,133:T,מדרש ויושע,53,Midrash Wa-yosha,50,Midrash va-Yosha,66,מדרש ויושע,51,<חוסר>,<חוסר>,מדרש ויושע,47,מדרש ויושע,Midrash va-Yosha,57,<חוסר>,<חוסר>,Midrash Ṿa-yoshaʻ,987007286637005171,Midrash Vayosha,Midrash Vayosha,"Smaller Midrashim, Aggadic Midrash",
מעשה יהודית,Townsend,T,,,160:T,מעשה יהודית,54,<חוסר>,<חוסר>,Midreshei Yehudit,59,<חוסר>,<חוסר>,<חוסר>,<חוסר>,<חוסר>,<חוסר>,<חוסר>,,<חוסר>,<חוסר>,<חוסר>,,,Story of Judith,Ma'aseh Yehudit,Reworked II Temple Literature,
מעשה חנוכה,Townsend,T,,,150:T,מעשה חנוכה,55,<חוסר>,<חוסר>,Midreshei Ḥanukkah,58,<חוסר>,<חוסר>,<חוסר>,<חוסר>,<חוסר>,<חוסר>,<חוסר>,,<חוסר>,<חוסר>,<חוסר>,Midrash Maase Hanukka,987007286644905171,Story of Hanukkah,Ma'aseh Hanukkah,"Smaller Midrashim, Aggadic Midrash, Reworked II Temple Literature",
רות זוטא,רות,1.18,2,1,1.18:2:1.0,רות זוטא,56,Other Midrashim on Ruth (Ruth Zutta),31,Ruth Zuta,27,רות זוטא,44,מדרש זוטא - רות,23,רות זוטא,18,רות זוטא,Ruth Zuta,32,<חוסר>,<חוסר>,Midrash zuta. Ruth,987007416388805171,Ruth Zuta,Rut Zuta,"Scroll Midrashim, Aggadic Midrash, Late Midrash",
סדר עולם זוטא,לא מקראי,3,7,1,3:7:1.0,סדר עולם זוטא,57,Seder Olam Zutta,37,<חוסר>,<חוסר>,<חוסר>,<חוסר>,<חוסר>,<חוסר>,<חוסר>,<חוסר>,<חוסר>,,<חוסר>,<חוסר>,<חוסר>,Seder olam zuta,987007286636205171,Seder Olam Zuta,Seder Olam Zuta,"Late Midrash, Chronology",
דרך ארץ זוטא,לא מקראי,3,8,1,3:8:1.0,דרך ארץ זוטא,58,Derekh Ereṣ Zuttah,56,<חוסר>,<חוסר>,<חוסר>,<חוסר>,<חוסר>,<חוסר>,<חוסר>,<חוסר>,מדרש דרך ארץ זוטא,,16,<חוסר>,<חוסר>,Minor tractates. Derekh erez zuta,987007286781605171,Derekh Eretz Zuta,Derekh Eretz Zuta,Late Midrash,
דרך ארץ רבה,לא מקראי,3,9,1,3:9:1.0,<חוסר>,<חוסר>,Derekh Ereṣ Rabbah,55,<חוסר>,<חוסר>,<חוסר>,<חוסר>,<חוסר>,<חוסר>,<חוסר>,<חוסר>,<חוסר>,,<חוסר>,<חוסר>,<חוסר>,Minor tractates. Derekh erez rabbah,987007590392705171,Derekh Eretz Rabbah,Derekh Eretz Rabbah,Late Midrash,
אגדת בראשית,בראשית,1.1,2,1,1.1:2:1.0,אגדת בראשית,59,Aggadat Bereshit,18,Aggadat Bereshit,25,אגדת בראשית,40,אגדת בראשית,32,אגדת בראשית,30,אגדת בראשית,Agaddat Bereshit,29,<חוסר>,<חוסר>,Aggadat Bereshit,987007528038405171,Aggadat Bereshit,Aggadat Bereshit,"Aggadic Midrash, Tanhuma-Yelmanu, Late Midrash",
מדרשים קטנים - לפני בירור,לא מזוהה,1.26,3,1,4:3:1.0,מדרשים קטנים - לפני בירור,60,<חוסר>,<חוסר>,<חוסר>,<חוסר>,<חוסר>,<חוסר>,<חוסר>,<חוסר>,<חוסר>,<חוסר>,<חוסר>,,<חוסר>,<חוסר>,<חוסר>,,,Minor Midrashim – before review,Minor Midrashim – before review,,
פטירת אהרון,Townsend,T,,,14:T,<חוסר>,<חוסר>,Midrash Petirat Aharon,46,Midrash Petirat Aharon,51,<חוסר>,<חוסר>,<חוסר>,<חוסר>,<חוסר>,<חוסר>,<חוסר>,<חוסר>,<חוסר>,<חוסר>,<חוסר>,Midrash Petirat Aharon,987007590392405171,Midrash on the Death of Aaron,Petirat Aharon,"Smaller Midrashim, Aggadic Prose",
מדרש ויסעו,Townsend,T,,,135:T,<חוסר>,<חוסר>,Midrash Wa-yissau,49,Midrash va-Yissa'u,56,מדרש ויסעו,29,<חוסר>,<חוסר>,<חוסר>,<חוסר>,<חוסר>,,<חוסר>,<חוסר>,<חוסר>,Midrash Va-yissa'u,987007590391805171,Midrash Vayyissa’u,Midrash Vayyissa’u,"Aggadic Midrash, Smaller Midrashim",
מדרש אלה אזכרה/עשרה הרוגי מלכות,Townsend,T,,,284:T,<חוסר>,<חוסר>,Midrash Elleh Ezkerah,51,<חוסר>,<חוסר>,<חוסר>,<חוסר>,<חוסר>,<חוסר>,<חוסר>,<חוסר>,<חוסר>,,<חוסר>,<חוסר>,<חוסר>,Maʻaśeh ʻaśarah haruge malkhut,987007265455105171,Midrash Eleh Ezkerah / Ten Martyrs,Midrash Eleh Ezkerah / Asarah Harugei Malkhut,"Aggadic Midrash, Aggadic Prose",
מדרש אל יתהלל,Townsend,T,,,25:T,<חוסר>,<חוסר>,Midrash ʾAl-yithallel,52,<חוסר>,<חוסר>,<חוסר>,<חוסר>,<חוסר>,<חוסר>,<חוסר>,<חוסר>,<חוסר>,,<חוסר>,<חוסר>,<חוסר>,,,Midrash Al Yithallel,Midrash Al Yithallel,,
ספר הישר,לא מקראי,3,10,1,3:10:1.0,<חוסר>,<חוסר>,Sefer ha-yashar,53,Sefer ha-Yashar,67,<חוסר>,<חוסר>,<חוסר>,<חוסר>,<חוסר>,<חוסר>,ספר הישר (מדרש),,70,<חוסר>,<חוסר>,Sefer ha-yashar (Quasi-historical work),987007289003805171,Sefer HaYashar / Book of Jasher,Sefer HaYashar,"Smaller Midrashim, Aggadic Prose, Chronology",
פטירת משה,Townsend,T,,,240:T,<חוסר>,<חוסר>,Midrash Petirat Moshe,47,"Midrash Petirat Moshe (""Death of Moses"")",46,<חוסר>,<חוסר>,<חוסר>,<חוסר>,<חוסר>,<חוסר>,מדרש פטירת משה,Midrash Petirat Moshe,63,<חוסר>,<חוסר>,Midrash Petirat Moshe,987007590392305171,Midrash on the Death of Moses,Petirat Moshe,"Aggadic Prose, Smaller Midrashim",
מדרש יונה,יונה,1.13,1,1,1.13:1:1.0,מדרש יונה,61,Midrash Jonah,32,Midrash Yonah,50,מדרש תשובת יונה הנביא,53,<חוסר>,<חוסר>,תשובת יונה הנביא,48,<חוסר>,,<חוסר>,<חוסר>,<חוסר>,Midrash Yonah,987007590391705171,Midrash Jonah,Midrash Yonah,"Smaller Midrashim, Late Midrash, Aggadic Midrash",
בראשית רבתי,בראשית,1.1,3,1,1.1:3:1.0,<חוסר>,<חוסר>,Bereshit Rabbati,76,Genesis Rabbti,37,בראשית רבתי,41,בראשית רבתי,41,,,<חוסר>,,<חוסר>,<חוסר>,<חוסר>,Genesis Rabbati,987007590392005171,Genesis Rabbati,Bereshit Rabbati,"Late Midrash, Aggadic Midrash, Smaller Midrashim",
בראשית זוטא [מסנות],בראשית,1.1,4,1,1.1:4:1.0,<חוסר>,<חוסר>,Bereshit Zutta,80,<חוסר>,<חוסר>,מדרשי רבי שמואל מסנות,67,<חוסר>,<חוסר>,<חוסר>,<חוסר>,<חוסר>,,<חוסר>,<חוסר>,<חוסר>,,,Bereshit Zuta [Samuel Masnut],Bereshit Zuta [Masnut],"Aggadic Commentary, Smaller Midrashim",
מדרש השכם (מדרש והזהיר),Townsend,T,,,126:T,<חוסר>,<חוסר>,Midrash Hashkem or Midrash We-hizhir,19,<חוסר>,<חוסר>,<חוסר>,<חוסר>,<חוסר>,<חוסר>,<חוסר>,<חוסר>,מדרש השכם,Midrash Hashkem,56,<חוסר>,<חוסר>,,,Midrash HaShkem (Midrash ve-Hizhir),Midrash HaShkem (Midrash ve-Hizhir),"Late Midrash, Aggadic Commentary, Smaller Midrashim",
פסיקתא חדתא,Townsend,T,,,298:T,<חוסר>,<חוסר>,Pesiqta Hadatta,20,Pesikta Ḥadta,68,<חוסר>,<חוסר>,<חוסר>,<חוסר>,<חוסר>,<חוסר>,<חוסר>,,<חוסר>,<חוסר>,<חוסר>,,,Pesikta Hadta,Pesikta Hadta,"Late Midrash, Aggadic Midrash, Smaller Midrashim",
מדרש ויכלו,Townsend,T,,,134:T,<חוסר>,<חוסר>,Midrash Wa-yekhullu,21,<חוסר>,<חוסר>,<חוסר>,<חוסר>,<חוסר>,<חוסר>,<חוסר>,<חוסר>,<חוסר>,,<חוסר>,<חוסר>,<חוסר>,,,Midrash Vayekhulu,Midrash Vayekhulu,"Late Midrash, Smaller Midrashim",
ספר זרובבל,Townsend,T,,,137:T,<חוסר>,<חוסר>,Sefer Zerubbabel,38,Apocalyptic and Eschatological Midrashim,44,<חוסר>,<חוסר>,<חוסר>,<חוסר>,<חוסר>,<חוסר>,ספר זרובבל,,71,<חוסר>,<חוסר>,Sefer Zerubbabel,987007289283605171,Book of Zerubbabel,Sefer Zerubbavel,"Smaller Midrashim, Eschatology",
מגילת אנטיוכוס,Townsend,T,,,48:T,<חוסר>,<חוסר>,Megillat Antiochos,40,Megillat Antiochus,45,<חוסר>,<חוסר>,<חוסר>,<חוסר>,<חוסר>,<חוסר>,<חוסר>,,<חוסר>,<חוסר>,<חוסר>,Scroll of Antiochus,987007265098205171,Scroll of Antiochus,Megillat Antiochus,"Smaller Midrashim, Reworked II Temple Literature",
אגדת חנוכה,Townsend,T,,,150:T,<חוסר>,<חוסר>,<חוסר>,<חוסר>,<חוסר>,<חוסר>,<חוסר>,<חוסר>,<חוסר>,<חוסר>,<חוסר>,<חוסר>,אגדת חנוכה,,51,<חוסר>,<חוסר>,,,Aggadat Hanukkah,Aggadat Hanukkah,Smaller Midrashim,
מדרש עשר גלויות,Townsend,T,,,282:T,<חוסר>,<חוסר>,Midrash E͑ser Galuyyot,41,Midrash Eser Galuyyot,55,<חוסר>,<חוסר>,<חוסר>,<חוסר>,<חוסר>,<חוסר>,מדרש עשר גלויות,Midrash Eser Galuyot,61,<חוסר>,<חוסר>,,,Midrash on the Ten Exiles,Midrash Eser Galuyot,"Smaller Midrashim, Enumaration Midrash",
ספר אלדד הדני,Townsend,T,,,28:T,<חוסר>,<חוסר>,Book of the Danite Eldad ben Maḥli,42,<חוסר>,<חוסר>,<חוסר>,<חוסר>,<חוסר>,<חוסר>,<חוסר>,<חוסר>,<חוסר>,,<חוסר>,<חוסר>,<חוסר>,,,Book of Eldad HaDani,Sefer Eldad HaDani,"Smaller Midrashim, Aggadic Prose",
יוסיפון,לא מקראי,3,11,1,3:11:1.0,<חוסר>,<חוסר>,Josippon,45,<חוסר>,<חוסר>,<חוסר>,<חוסר>,<חוסר>,<חוסר>,<חוסר>,<חוסר>,<חוסר>,,<חוסר>,<חוסר>,<חוסר>,Josippon,987007270155505171,Sefer Josippon,Yosippon,"Smaller Midrashim, Reworked II Temple Literature, Aggadic Prose, Chronology",
ספרי 'מעשה' (מעשה בוך),לא מקראי,3,12,1,3:12:1.0,<חוסר>,<חוסר>,Ma͑aseh-books,54,<חוסר>,<חוסר>,<חוסר>,<חוסר>,<חוסר>,<חוסר>,<חוסר>,<חוסר>,<חוסר>,,<חוסר>,<חוסר>,<חוסר>,Maase-Buch,987007264985805171,Ma'aseh Books (Ma'aseh Book),Sifrei Ma'aseh (Ma'aseh Bukh),Smaller Midrashim,
מדרש תמורה,Townsend,T,,,353:T,<חוסר>,<חוסר>,Midrash Temurah,59,Midrash Temurah,69,מדרש תמורה,56,<חוסר>,<חוסר>,<חוסר>,<חוסר>,<חוסר>,,<חוסר>,<חוסר>,<חוסר>,Midrash Temura,987007286637105171,Midrash Temurah,Midrash Temurah,"Smaller Midrashim, Hekhalot and Mysticism",
ספר יצירה,Townsend,T,,,183:T,<חוסר>,<חוסר>,Sefer Yeṣirah,61,<חוסר>,<חוסר>,<חוסר>,<חוסר>,<חוסר>,<חוסר>,<חוסר>,<חוסר>,<חוסר>,,<חוסר>,<חוסר>,<חוסר>,Sefer Yezirah,987007267712105171,Sefer Yetzirah / Book of Formation,Sefer Yetzirah,"Smaller Midrashim, Hekhalot and Mysticism",
מדרש תדשא (ברייתא דרבי פנחס בן יאיר),Townsend,T,,,349:T,<חוסר>,<חוסר>,Midrash Tadshê,62,Midrash Tadshe,61,מדרש תדשא,50,<חוסר>,<חוסר>,מדרש תדשא או ברייתא דרבי פנחס בן יאיר,46,<חוסר>,,<חוסר>,<חוסר>,<חוסר>,Midrash Tadshe,987007286637805171,Midrash Tadshe (Baraita of Rabbi Pinhas ben Yair),Midrash Tadshe (Baraita de-Rabbi Pinhas ben Yair),"Smaller Midrashim, Aggadic Midrash, Late Midrash, Ashkenazi Library Midrashim",
מדרש כונן (ועוד יצירות של 'מעשה בראשית'),Townsend,T,,,194:T,<חוסר>,<חוסר>,Midrash Konen and Other Texts on the Work of Creation,63,Midrash Konen,63,<חוסר>,<חוסר>,<חוסר>,<חוסר>,<חוסר>,<חוסר>,<חוסר>,,<חוסר>,<חוסר>,<חוסר>,Midrash Konen,987007286641705171,Midrash Konen (and other Ma'aseh Bereshit works),Midrash Konen (and other Ma'aseh Bereshit works),"Smaller Midrashim, Hekhalot and Mysticism",
היכלות רבתי והיכלות זוטרתי,Townsend,T,,,120:T,<חוסר>,<חוסר>,The Greater and the Lesser Hekhalot,64,<חוסר>,<חוסר>,<חוסר>,<חוסר>,<חוסר>,<חוסר>,<חוסר>,<חוסר>,<חוסר>,,<חוסר>,<חוסר>,<חוסר>,Heikhalot rabbati/Heikhalot zutrati,987007262528205171; 987007287482705171,Hekhalot Rabbati and Hekhalot Zutarti / Greater Hekhalot and Lesser Hekhalot,Hekhalot Rabbati and Hekhalot Zutarti,"Smaller Midrashim, Hekhalot and Mysticism",
ספר היכלות (חנוך ג'),Townsend,T,,,145:T,<חוסר>,<חוסר>,Sefer Hekhalot (3 Enoch),65,<חוסר>,<חוסר>,<חוסר>,<חוסר>,<חוסר>,<חוסר>,<חוסר>,<חוסר>,<חוסר>,,<חוסר>,<חוסר>,<חוסר>,Hebrew book of Enoch,987007463124005171,Sefer Hekhalot (3 Enoch),Sefer Hekhalot (Hanokh 3),"Smaller Midrashim, Hekhalot and Mysticism",
ראויות יחזקאל,Townsend,T,,,176:T,<חוסר>,<חוסר>,Visions of Ezekiel (Reʾuyyot Yeḥezkel),66,<חוסר>,<חוסר>,<חוסר>,<חוסר>,<חוסר>,<חוסר>,<חוסר>,<חוסר>,ראויות יחזקאל,,39,<חוסר>,<חוסר>,,,Re’uyot Yehezkel / Visions of Ezekiel,Re’uyot Yehezkel,"Smaller Midrashim, Hekhalot and Mysticism",
מרכבה רבה,לא מקראי,3,13,1,3:13:1.0,<חוסר>,<חוסר>,Merkabah Rabbah,67,<חוסר>,<חוסר>,<חוסר>,<חוסר>,<חוסר>,<חוסר>,<חוסר>,<חוסר>,<חוסר>,,<חוסר>,<חוסר>,<חוסר>,,,Merkavah Rabbah,Merkavah Rabbah,"Smaller Midrashim, Hekhalot and Mysticism",
מעשה מרכבה,Townsend,T,,,234:T,<חוסר>,<חוסר>,Ma͑aseh Merkabah,68,<חוסר>,<חוסר>,<חוסר>,<חוסר>,<חוסר>,<חוסר>,<חוסר>,<חוסר>,<חוסר>,,<חוסר>,<חוסר>,<חוסר>,Maaseh merkavah,987007600132705171,Ma'aseh Merkavah,Ma'aseh Merkavah,"Smaller Midrashim, Hekhalot and Mysticism",
שיעור קומה,Townsend,T,,,347:T,<חוסר>,<חוסר>,Shiu͑r Qomah,69,<חוסר>,<חוסר>,<חוסר>,<חוסר>,<חוסר>,<חוסר>,<חוסר>,<חוסר>,<חוסר>,,<חוסר>,<חוסר>,<חוסר>,Shi'ur komah,987007312682905171,Shi'ur Komah,Shi'ur Komah,"Smaller Midrashim, Hekhalot and Mysticism",
ספר רזיאל וספר הרזים,לא מקראי,3,14,1,3:14:1.0,<חוסר>,<חוסר>,Sefer Raziel and Sefer ha-Razim,71,<חוסר>,<חוסר>,<חוסר>,<חוסר>,<חוסר>,<חוסר>,<חוסר>,<חוסר>,<חוסר>,,<חוסר>,<חוסר>,<חוסר>,Sefer ha-razim,987007267712405171,Sefer Razi'el and Sefer HaRazim,Sefer Razi'el and Sefer HaRazim,"Smaller Midrashim, Hekhalot and Mysticism",
כיסא ואיפודרומין של שלמה המלך,Townsend,T,,,324:T,<חוסר>,<חוסר>,<חוסר>,<חוסר>,Throne and Hippodromes of Solomon,57,<חוסר>,<חוסר>,<חוסר>,<חוסר>,<חוסר>,<חוסר>,<חוסר>,,<חוסר>,<חוסר>,<חוסר>,,,Throne and Hippodrome of King Solomon,Kise ve-Ippodromin shel Shlomo HaMelekh,"Smaller Midrashim, Aggadic Prose",
מדרש הלל/ספר הלל,Townsend,T,,,124:T,<חוסר>,<חוסר>,<חוסר>,<חוסר>,Midrash Hallel,60,<חוסר>,<חוסר>,<חוסר>,<חוסר>,<חוסר>,<חוסר>,<חוסר>,,<חוסר>,<חוסר>,<חוסר>,Midrash Hallel,987007475373905171,Midrash Hallel / Book of Hallel,Midrash Hallel / Sefer Hallel,"Smaller Midrashim, Aggadic Midrash",
ברייתא דישועה,Townsend,T,,,188:T,<חוסר>,<חוסר>,<חוסר>,<חוסר>,<חוסר>,<חוסר>,ברייתא דישועה,16,<חוסר>,<חוסר>,<חוסר>,<חוסר>,ברייתא דישועה,Berayta de-Yeshu'a,42,<חוסר>,<חוסר>,Baraita di-Yešuʻah,987007396452705171,Baraita de-Yeshu'ah,Baraita de-Yeshu'ah,Smaller Midrashim,
,,,,,,<חוסר>,<חוסר>,<חוסר>,<חוסר>,<חוסר>,<חוסר>,אגדות התלמוד,17,<חוסר>,<חוסר>,<חוסר>,<חוסר>,<חוסר>,,<חוסר>,<חוסר>,<חוסר>,,,,,Smaller Midrashim,
פרקי רבי יוסי,לא מקראי,3,15,1,3:15:1.0,<חוסר>,<חוסר>,<חוסר>,<חוסר>,<חוסר>,<חוסר>,פרקי רבי יוסי,18,<חוסר>,<חוסר>,<חוסר>,<חוסר>,<חוסר>,,<חוסר>,<חוסר>,<חוסר>,,,Pirkei Rabbi Yossi,Pirkei Rabbi Yossi,Smaller Midrashim,
הגדה של פסח,לא מקראי,3,16,1,3:16:1.0,<חוסר>,<חוסר>,<חוסר>,<חוסר>,<חוסר>,<חוסר>,הגדה של פסח,36,<חוסר>,<חוסר>,<חוסר>,<חוסר>,<חוסר>,,<חוסר>,<חוסר>,<חוסר>,Haggadah,987007286788105171,Passover Haggadah,Haggadah shel Pesah,Smaller Midrashim,
מגילת תענית,לא מקראי,3,17,1,3:17:1.0,<חוסר>,<חוסר>,<חוסר>,<חוסר>,<חוסר>,<חוסר>,<חוסר>,<חוסר>,מגילת תענית,8,<חוסר>,<חוסר>,<חוסר>,,<חוסר>,<חוסר>,<חוסר>,Megillat Taanit,987007286778205171,Megillat Ta'anit,Megillat Ta'anit,"Smaller Midrashim, Tannitic Midrash, Chronology",
ברייתא דמלאכת המשכן,Townsend,T,,,215:T,<חוסר>,<חוסר>,<חוסר>,<חוסר>,<חוסר>,<חוסר>,<חוסר>,<חוסר>,ברייתא דמלאכת המשכן,10,<חוסר>,<חוסר>,<חוסר>,,<חוסר>,<חוסר>,<חוסר>,Baraita de-melekhet ha-mishkan,987007307541305171,Baraita de-Melekhet HaMishkan,Baraita de-Melekhet HaMishkan,Smaller Midrashim,
אוצר המדרשים,לא מקראי,3,18,1,3:18:1.0,<חוסר>,<חוסר>,<חוסר>,<חוסר>,<חוסר>,<חוסר>,<חוסר>,<חוסר>,אוצר המדרשים,43,ספרי אסופות של מדרשים,54,<חוסר>,,<חוסר>,<חוסר>,<חוסר>,,,Otzar HaMidrashim,Otzar HaMidrashim,Smaller Midrashim,
בתי מדרשות,לא מקראי,3,19,1,3:19:1.0,<חוסר>,<חוסר>,<חוסר>,<חוסר>,<חוסר>,<חוסר>,<חוסר>,<חוסר>,בתי מדרשות,46,ספרי אסופות של מדרשים,54,<חוסר>,,<חוסר>,<חוסר>,<חוסר>,,,Batei Midrashot,Batei Midrashot,Smaller Midrashim,
פרק שירה,Townsend,T,,,321:T,<חוסר>,<חוסר>,<חוסר>,<חוסר>,<חוסר>,<חוסר>,<חוסר>,<חוסר>,,,פרק שירה,36,<חוסר>,,<חוסר>,<חוסר>,<חוסר>,Perek shirah,987007289829005171,Perek Shirah,Perek Shirah,Smaller Midrashim,
פרקי רבי יאשיה,Townsend,T,,,158:T,<חוסר>,<חוסר>,<חוסר>,<חוסר>,<חוסר>,<חוסר>,<חוסר>,<חוסר>,<חוסר>,<חוסר>,<חוסר>,<חוסר>,פרקי רבי יאשיה,,80,<חוסר>,<חוסר>,,,Pirkei Rabbi Yoshiyah,Pirkei Rabbi Yoshiyah,Smaller Midrashim,
פרק משיח,Townsend,T,,,256:T,<חוסר>,<חוסר>,<חוסר>,<חוסר>,<חוסר>,<חוסר>,<חוסר>,<חוסר>,<חוסר>,<חוסר>,<חוסר>,<חוסר>,פרק משיח,Pereq Mashiah,77,<חוסר>,<חוסר>,,,Perek Mashiah,Perek Mashiah,"Smaller Midrashim, Eschatology",
מדרש שני כתובים,Townsend,T,,,345:T,<חוסר>,<חוסר>,<חוסר>,<חוסר>,<חוסר>,<חוסר>,<חוסר>,<חוסר>,<חוסר>,<חוסר>,<חוסר>,<חוסר>,מדרש שני כתובים,Midrash Shney Ketuvim,60,<חוסר>,<חוסר>,,,Midrash Shnei Ketuvim,Midrash Shnei Ketuvim,Smaller Midrashim,
מדרש אשת חיל,Townsend,T,,,62:T,<חוסר>,<חוסר>,<חוסר>,<חוסר>,<חוסר>,<חוסר>,<חוסר>,<חוסר>,<חוסר>,<חוסר>,<חוסר>,<חוסר>,מדרש אשת חיל,Midrash Eshet Hayil,58,<חוסר>,<חוסר>,,,Midrash Eshet Hayil,Midrash Eshet Hayil,"Smaller Midrashim, Aggadic Midrash",
שמחות דרבי חייא,לא מקראי,3,20,1,3:20:1.0,<חוסר>,<חוסר>,<חוסר>,<חוסר>,<חוסר>,<חוסר>,<חוסר>,<חוסר>,<חוסר>,<חוסר>,<חוסר>,<חוסר>,שמחות דרבי חייא,,40,<חוסר>,<חוסר>,,,Semahot de-Rabbi Hiyya,Semahot de-Rabbi Hiyya,Smaller Midrashim,
מסכת פורים,לא מקראי,3,21,1,3:21:1.0,<חוסר>,<חוסר>,<חוסר>,<חוסר>,<חוסר>,<חוסר>,<חוסר>,<חוסר>,<חוסר>,<חוסר>,<חוסר>,<חוסר>,מסכת פורים,,66,<חוסר>,<חוסר>,Massekhet Purim,987007287482105171,Massekhet Purim,Massekhet Purim,Smaller Midrashim,
חזון דניאל,Townsend,T,,,112:T,<חוסר>,<חוסר>,<חוסר>,<חוסר>,<חוסר>,<חוסר>,<חוסר>,<חוסר>,<חוסר>,<חוסר>,<חוסר>,<חוסר>,חזון דניאל,Hazon Daniel,68,<חוסר>,<חוסר>,Syriac Apocalypse of Daniel (?),987007568044305171 (?),Vision of Daniel,Hazon Daniel,"Smaller Midrashim, Eschatology, Reworked II Temple Literature",
חופת אליהו,Townsend,T,,,29:T,<חוסר>,<חוסר>,<חוסר>,<חוסר>,<חוסר>,<חוסר>,<חוסר>,<חוסר>,<חוסר>,<חוסר>,<חוסר>,<חוסר>,חופת אליהו,Huppat Eliyahu,69,<חוסר>,<חוסר>,,,Huppat Eliyahu,Huppat Eliyahu,"Smaller Midrashim, Aggadic Commentary, Enumaration Midrash",
מרגניתא דבי רב,Townsend,T,,,229:T,<חוסר>,<חוסר>,<חוסר>,<חוסר>,<חוסר>,<חוסר>,<חוסר>,<חוסר>,<חוסר>,<חוסר>,<חוסר>,<חוסר>,מרגניתא דבי רב,,72,<חוסר>,<חוסר>,Midrash Margenita deve Rav,987007286641505171,Marganita de-Vei Rav,Marganita de-Vei Rav,Smaller Midrashim,
ברייתא דמזלות,Townsend,T,,,210:T,<חוסר>,<חוסר>,<חוסר>,<חוסר>,<חוסר>,<חוסר>,<חוסר>,<חוסר>,<חוסר>,<חוסר>,<חוסר>,<חוסר>,ברייתא דמזלות,Berayta de-Mazalot,43,<חוסר>,<חוסר>,Baraita demazzalot,987007286497805171,Baraita de-Mazalot,Baraita de-Mazalot,Smaller Midrashim,
נסתרות רבי שמעון בר יוחאי,Townsend,T,,,338:T,<חוסר>,<חוסר>,<חוסר>,<חוסר>,<חוסר>,<חוסר>,<חוסר>,<חוסר>,<חוסר>,<חוסר>,<חוסר>,<חוסר>,נסתרות רבי שמעון בר יוחאי,,75,<חוסר>,<חוסר>,,,Nistarot Rabbi Shimon bar Yohai,Nistarot Rabbi Shimon bar Yohai,"Smaller Midrashim, Eschatology, Hekhalot and Mysticism",
אותיות דרבי שמעון בר יוחאי,Townsend,T,,,337:T,<חוסר>,<חוסר>,<חוסר>,<חוסר>,<חוסר>,<חוסר>,<חוסר>,<חוסר>,<חוסר>,<חוסר>,<חוסר>,<חוסר>,אותיות דרבי שמעון בר יוחאי,Otiot de-Rabbi Aqiva,50,<חוסר>,<חוסר>,,,Letters of Rabbi Shimon bar Yohai,Otiyyot de-Rabbi Shimon bar Yohai,"Smaller Midrashim, Eschatology, Hekhalot and Mysticism",
פרק צדקות,Townsend,T,,,303:T,<חוסר>,<חוסר>,<חוסר>,<חוסר>,<חוסר>,<חוסר>,<חוסר>,<חוסר>,<חוסר>,<חוסר>,<חוסר>,<חוסר>,פרק צדקות,,78,<חוסר>,<חוסר>,,,Perek Tzedakot,Perek Tzedakot,Smaller Midrashim,