דפוס,סוג דפוס ,יצירה,קוד יצירה,place, year,digital editions,NLI-ID,NLI-Scanned text,Sefaria JSON Name,Sefaria JSON - LINK
"הורוויץ-רבין, 1931, פרנקפורט",מהדורה ביקורתית,מכילתא דרבי ישמעאל,לא נמצא,Frankfurt,1931,,,,,
"י""ב לויטרבך, 1933-1935, פילדלפיה",מהדורה ביקורתית,מכילתא דרבי ישמעאל,לא נמצא,Philadelphia,1933,,,,,
"אפשטיין-מלמד, 1956, ירושלים",מהדורה ביקורתית,מכילתא דרבי שמעון בר יוחאי,לא נמצא,Jerusalem,1956,,,,,
"א' שושנה, תשנ""א-תשנ""ו, ירושלים",מהדורה ביקורתית,ספרא - תורת כהנים,לא נמצא,Jerusalem,1991,,,,,
"ח""ש הורוויץ, 1917, לייפציג",מהדורה ביקורתית,ספרי במדבר,לא נמצא,Leipzig,1917,,,,,
"מ' כהנא, 1982, ירושלים",מהדורה ביקורתית,ספרי במדבר,לא נמצא,Jerusalem,1982,,,,,
"א""א פינקלשטיין, 1969, ניו יורק",מהדורה ביקורתית,ספרי דברים,לא נמצא,New York,1969,,,,,
"רד""צ הופמן, 1908-1909, ברלין",מהדורה ביקורתית,מכילתא דברים,לא נמצא,Berlin,1908,,,,,
"מ' כהנא, 2003, ירושלים",מהדורה ביקורתית,ספרי זוטא דברים,לא נמצא,Jerusalem,2003,,,,,
"י' תיאודור וח' אלבק, 1936, ברלין",מהדורה ביקורתית,בראשית רבה,1.1:1:1.1,Berlin,1936,,,,,
"א' שנאן, 1984, ירושלים",מהדורה ביקורתית,שמות רבה,1.2:1:1.0,Jerusalem,1984,,,,,
"א' לזרובסקי, 2005, ירושלים",מהדורה ביקורתית,שמות רבה,1.2:1:1.0,Jerusalem,2005,,,,,
"מ' מרגליות, 1953-1954, ירושלים",מהדורה ביקורתית,ויקרא רבה,1.3:1:1.0,Jerusalem,1953,,,,,
"ח' מאק, 1991, ירושלים",מהדורה ביקורתית,במדבר רבה,1.4:1:1.0,Jerusalem,1991,,,,,
"ד' מנדלבוים, 1962, ניו יורק",מהדורה ביקורתית,פסיקתא דרב כהנא,1.25:1:1.0,New York,1962,,,,,
"א""ד קנסקי, 1990, ניו יורק",מהדורה ביקורתית,תנחומא ילמדנו,לא נמצא,New York,1990,,,,,
"ר' אולמר, 1997, אטלנטה",מהדורה ביקורתית,תנחומא ילמדנו,לא נמצא,Atlanta,1997,,,,,
"ה' האן, 1979, פרנקפורט",מהדורה ביקורתית,פסיקתא רבתי,1.25:2:1.0,Frankfurt,1979,,,,,
"ל' קשת, 1993, ירושלים",מהדורה ביקורתית,פסיקתא רבתי,1.25:2:1.0,Jerusalem,1993,,,,,
"ע' קהלני, 2004, ירושלים",מהדורה ביקורתית,אגדת בראשית,1.1:2:1.0,Jerusalem,2004,,,,,
"S.T. Lachs, 1958, Philadelphia",מהדורה ביקורתית,שיר השירים רבה,1.17:1:1.0,Philadelphia,1958,,,,,
"L.F. Girón-Blanc, 1992",מהדורה ביקורתית,שיר השירים רבה,1.17:1:1.0,Sefarad,1992,,,,,
"ש' בובר, תרנ""ד, ברלין",מהדורה ביקורתית,שיר השירים זוטא,1.17:2:1.0,berlin,1971,,,,,
"S. Schechter, 1896, Cambridge",מהדורה ביקורתית,שיר השירים זוטא,1.17:2:1.0,Cambridge,1896,,,,,
"צ""מ רבינוביץ, 1977",מהדורה ביקורתית,שיר השירים זוטא,1.17:2:1.0,Ann Arbor,1997,,,,,
"א' גרינהוט, תרנ""ז, ירושלים",מהדורה ביקורתית,מדרש שיר השירים,1.17:3:1.0,Jerusalem,1897,,,,,
"י""ח ורטהימר, תשל""א, ירושלים",מהדורה ביקורתית,מדרש שיר השירים,1.17:3:1.0,Jerusalem,1971,,,,,
"מ""ב לרנר, תשל""א, ירושלים",מהדורה ביקורתית,רות רבה,1.18:1:1.0,Jerusalem,1971,,,,,
"ר' סלהוב, תש""ס, תל אביב",מהדורה ביקורתית,רות זוטא,1.18:2:1.0,Tel Aviv,2000,,,,,
"מ' הירשמן, תשמ""ג, אן ארבור",מהדורה ביקורתית,קהלת רבה,1.20:1:1.0,Ann Arbor,1983,,,,,
"ר' קיפרווסר, תשנ""ט, רמת גן",מהדורה ביקורתית,קהלת זוטא,1.20:2:1.0,Ramat Gan,1999,,,,,
"פ' מנדל, תשנ""ז, ירושלים",מהדורה ביקורתית,איכה רבה,1.19:1:1.0,Jerusalem,1997,,,,,
"ע' רייזל, תש""ע, ירושלים",מהדורה ביקורתית,איכה זוטא,1.19:2:1.0,Jerusalem,2010,,,,,
"א' עצמון, תשס""ו, רמת גן",מהדורה ביקורתית,אסתר רבה א,לא נמצא,Ramat Gan,2006,,,,,
י' תבורי וא' עצמון,מהדורה ביקורתית,אסתר רבה ב,לא נמצא,Jerusalem,2014,,,,,
"ב' אלבוים, תשס""ו, רמת גן",מהדורה ביקורתית,מדרש אבא גוריון,לא נמצא,Ramat Gan,2006,,,,,
"ש' בובר, תרמ""ז, וילנה",מהדורה ביקורתית,מדרש אבא גוריון,לא נמצא,Vilna,1886,,,,,
"א' עפשטיין, 1887, וינה",מהדורה ביקורתית,מדרש תדשא או ברייתא דרבי פנחס בן יאיר,לא נמצא,Vienna,1887,,,,,
"ז' פרדס-פינשטיין, 1994, ירושלים",מהדורה ביקורתית,מדרש ויושע,133:T,Jerusalem,1994,,,,,
"ת' קדרי, 1997, ירושלים",מהדורה ביקורתית,תשובת יונה הנביא,לא נמצא,Jerusalem,1997,,,,,
"ע' גאולה, תשנ""ח",מהדורה ביקורתית,מדרש אבכיר,4:T,Jerusalem,1998,,,,,
"ש' בובר, תרמ""ה",מהדורה ביקורתית,מדרש דברים זוטא,לא נמצא,Lyck,1985,,,,,
"ע' יסיף, תשס""א, תל אביב",מהדורה ביקורתית,דברי הימים של משה רבנו,לא נמצא,Tel Aviv,2001,,,,,
"ע' שפירא, תשנ""ח, ירושלים",מהדורה ביקורתית,מדרש עשרת הדיברות,לא נמצא,Jerusalem,1998,,,,,
"א""א אורבך, 1978, ירושלים",מהדורה ביקורתית,פתרון תורה,1.3-5:1:1.0,Jerusalem,1978,,,,,
"ש' בובר, 1880, וילנה",מהדורה ביקורתית,לקח טוב - פסיקתא זוטרתא,לא נמצא,Vilna,1880,,,,,
"ש' בובר, 1900, ברלין",מהדורה ביקורתית,ילקוט שכל טוב,לא נמצא,Berlin,1900,,,,,
"ד' היימן וי' שילוני, 1973-1999, ירושלים",מהדורה ביקורתית,ילקוט שמעוני,1:1:1.0,Jerusalem,1973,,,,,
"מדרש הגדול בראשית ושמות, מהד' מ' מרגליות, תש""ז-תשט""ז",מהדורה ביקורתית,מדרש הגדול,1.1-5:3:1.0,Jerusalem,1947,,,,,
"מדרש הגדול ויקרא, מהד' נ""א רבינוביץ, תר""ץ",מהדורה ביקורתית,מדרש הגדול,1.1-5:3:1.0,New York,1930,,,,,
"מדרש הגדול ויקרא, מהד' ע' שטיינזלץ, תשל""ו",מהדורה ביקורתית,מדרש הגדול,1.1-5:3:1.0,Jerusalem,1976,,,,,
"מדרש הגדול במדבר, מהד' צ""מ רבינוביץ, תשכ""ז",מהדורה ביקורתית,מדרש הגדול,1.1-5:3:1.0,Tel Aviv,1967,,,,,
"מדרש הגדול במדבר, מהד' ש' פיש, ת""ש-תשכ""ג",מהדורה ביקורתית,מדרש הגדול,1.1-5:3:1.0,Jerusalem,1940,,,,,
"מדרש הגדול דברים, מהד' ש' פיש, תשל""ג",מהדורה ביקורתית,מדרש הגדול,1.1-5:3:1.0,Jerusalem,1973,,,,,
"י""ז כהנא-שפירא, 1893, ברלין",מהדורה ביקורתית,ילקוט המכירי,לא נמצא,Berlin,1893,,,,,
"ש' בובר, 1900, ברדיטשוב",מהדורה ביקורתית,ילקוט המכירי,לא נמצא,Berdychiv,1900,,,,,
"א' גרינהוף, 1909-1913, לונדון",מהדורה ביקורתית,ילקוט המכירי,לא נמצא,London,1909,,,,,
"א' גרינהוף, 1924-1925",מהדורה ביקורתית,ילקוט המכירי,לא נמצא,Philadelphia,1924,,,,,
"י""מ בדאהב, 1927, ירושלים",מהדורה ביקורתית,ילקוט המכירי,לא נמצא,Jerusalem,1927,,,,,
"א' גרינהוט, 1903, ירושלים",מהדורה ביקורתית,ילקוט המכירי,לא נמצא,Jerusalem,1903,,,,,
"ב' ליפשיץ, תשס""ט, ירושלים",מהדורה ביקורתית,מדרש שמואל,1.8:1:1.0,Jerusalem,2009,,,,,
"ב' ויסוצקי, 1983, Ann Arbor",מהדורה ביקורתית,מדרש משלי,1.15:1:1.0,Ann Arbor,1983,,,,,
"ב' ויסוצקי, 1990, ניו יורק",מהדורה ביקורתית,מדרש משלי,1.15:1:1.0,New York,1990,,,,,
"ש""ז שכטר, 1887, וינה",מהדורה ביקורתית,אבות דרבי נתן,2:1:1.0,Vienna,1887,,,,,
"ה' בקר וק' ברנר, 2006, טובינגן",מהדורה ביקורתית,אבות דרבי נתן,2:1:1.0,Tubingen,2006,,,,,
"מ' איש שלום, 1902, וינה",מהדורה ביקורתית,סדר אליהו,לא נמצא,Vienna,1902,,,,,
"א""ד נויבאואר, 1893, אוקספורד",מהדורה ביקורתית,סדר עולם,3:2:1.0,Oxford,1893,,,,,
"א' מארכס, 1903, ברלין",מהדורה ביקורתית,סדר עולם,3:2:1.0,Berlin,1903,,,,,
"ח' מיליקובסקי, 1981, Ann Arbor",מהדורה ביקורתית,סדר עולם,3:2:1.0,Ann Arbor,1981,,,,,
"מ' בית-אריה, 1967, ירושלים",מהדורה ביקורתית,פרק שירה,321:T,Jerusalem,1967,,,,,
"ב' אליצור, 1989, ירושלים",מהדורה ביקורתית,פרק שירה,321:T,Jerusalem,1989,,,,,
"מכילתא דרבי ישמעאל, קונסטנטין רע""ה.",דפוס חשוב,מכילתא דרבי ישמעאל,לא נמצא,Constantinople,1515,,,,,
"מדרש המכילתא, ונציה ש""ה.",דפוס חשוב,מכילתא דרבי ישמעאל,לא נמצא,Venice,1545,,,,,
"מכילתא: מדרש רבותנו התנאים לספר שמות ומכונה לרבי ישמעאל עם פרוש מדות סופרים, מהד' א""ה וייס, וינה תרכ""ה.",,מכילתא דרבי ישמעאל,לא נמצא,Vienna,1865,,,,,
"מכילתא דרבי ישמעאל על ספר שמות, מהד' מ' איש שלום עם פירוש 'מאיר עין', וינה תר""ל.",,מכילתא דרבי ישמעאל,לא נמצא,Vienna,1870,,,,,
"פירוש המלבי""ם התורה והמצוה על חמישה חומשי תורה עם מכילתא ספרא וספרי, ורשה תרל""ד.",,מכילתא דרבי ישמעאל,לא נמצא,Warsaw,1974,,,,,
"מכילתא דרבי ישמעאל, מהד' הורוויץ-רבין, פרנקפורט תרצ""א.",,מכילתא דרבי ישמעאל,לא נמצא,Frankfurt,1931,,,,,
"מ' כהנא, אוצר כתבי–יד של מדרשי ההלכה: שחזור העותקים ותיאורם, ירושלים תשנ""ה = כהנא, אוצר.",,מכילתא דרבי ישמעאל,לא נמצא,Jerusalem,1995,,,,,
"מ' כהנא, קטעי מדרשי הלכה מן הגניזה, ירושלים תשס""ה.",,מכילתא דרבי ישמעאל,לא נמצא,Jerusalem,2005,,,,,
"ש""י פרידמן ול' מוסקוביץ, אוצר עדי הנוסח לספרות התנאית, www.biu.ac.il/JS/ tannaim.",,מכילתא דרבי ישמעאל,לא נמצא,Digital,2004,,,,,
"J.Z. Lauterbach, Mekilta de Rabbi Ishmael: A Critical Edition on the Basis of the MSS and Early Edition with an English Translation, Introduction and Notes, 3 vols., Philadelphia 1933-1935.",,מכילתא דרבי ישמעאל,לא נמצא,Philadelphia,1933,,,,,
"Goldin, The Song at the Sea, New Haven 1971.",,מכילתא דרבי ישמעאל,לא נמצא,New Haven,1971,,,,,
"Goldin (ed.), The Munich Mekhilta, Copenhagen 1980.",,מכילתא דרבי ישמעאל,לא נמצא,Copenhagen,1980,,,,,
"מכילתא דרבי שמעון בר יוחאי, מהד' הופמן, פרנקפורט תרס""ה.",,מכילתא דרבי שמעון בר יוחאי,לא נמצא,Frankfurt,1905,,,,,
"מכילתא דרבי שמעון בר יוחאי, מהד' אפשטיין-מלמד, ירושלים תשט""ו.",,מכילתא דרבי שמעון בר יוחאי,לא נמצא,Jerusalem,1955,,,,,
"מ""מ כשר, חומש תורה שלמה, ירושלים תשנ""ב4.",,מכילתא דרבי שמעון בר יוחאי,לא נמצא,Jerusalem,1992,,,,,
"W.D. Nelson, Mekhilta de-Rabbi Shimon bar Yohai, translated into English with critical introduction and annotation, Philadelphia 2006.",,מכילתא דרבי שמעון בר יוחאי,לא נמצא,Philadelphia,2006,,,,,
"זה ספר תורת כהנים: הנקרא סיפרא דבי רב עם פירוש הראב""ה, קושטא ר""ע לערך.",דפוס חשוב,ספרא - תורת כהנים,לא נמצא,Constantinople,1510,,,,,
"זה הספר ספרא, ונציה ש""ה.",דפוס חשוב,ספרא - תורת כהנים,לא נמצא,Venice,1545,,,,,
"ספרא דבי רב, מהד' א""ה ווייס עם פירוש ראב""ד, וינה תרכ""ב.",,ספרא - תורת כהנים,לא נמצא,Vienna,1862,,,,,
"פירוש המלבי""ם התורה והמצווה על חמישה חומשי תורה עם מכילתא ספרא וספרי, ורשה תרל""ה.",,ספרא - תורת כהנים,לא נמצא,Warsaw,1875,,,,,
"ספרא דבי רב, מהד' מ' איש שלום, ברסלוי תרע""ה.",,ספרא - תורת כהנים,לא נמצא,Breslau,1915,,,,,
"ספרא דבי רב עם פרוש רבנו הלל ב""ר אליקים, ירושלים תשכ""א.",,ספרא - תורת כהנים,לא נמצא,Jerusalem,1961,,,,,
"ספרא דבי רב והוא ספר תורת כוהנים על פי כתב יד רומי, מהד' א""א פינקלשטיין, ניו יורק תשמ""ג-תשנ""ב.",מהדורה ביקורתית,ספרא - תורת כהנים,לא נמצא,New York,1992,,,,,
"תורת כהנים כתב יד וטיקן 31, ירושלים תשל""ב.",,ספרא - תורת כהנים,לא נמצא,Jerusalem,1972,,,,,
"ספרא דבי רב, מהד' א' שושנה, ירושלים תשנ""א-תשנ""ו.",,ספרא - תורת כהנים,לא נמצא,Jerusalem,1991,,,,,
"Neusner, Sifra: An Analytical Ttranslation, Atlanta 1988.",,ספרא - תורת כהנים,לא נמצא,Atlanta,1988,,,,,
"זה ספר ספרי, ונציה ש""ו.",דפוס חשוב,ספרי במדבר,לא נמצא,Venice,1546,,,,,
"ספרי דבי רב, עם פרוש ר' דוד פארדו, סלוניקי תקנ""ט.",,ספרי במדבר,לא נמצא,Salonika,1799,,,,,
"ספרי דבי רב, מהד' מ' איש שלום בצירוף מבוא ופירוש ""מאיר עין"", וינה תרכ""ד.",,ספרי במדבר,לא נמצא,Vienna,1864,,,,,
"ספרי במדבר דברים, עם הגהות הגר""א, וילנה תרכ""ו.",,ספרי במדבר,לא נמצא,Vilna,1866,,,,,
"ספרי דבי רב: ספרי על ספר במדבר וספרי זוטא, מהד' ח""ש הורוויץ, לייפציג תרע""ז.",כפולה,ספרי במדבר,לא נמצא,Leipzig,1917,,,,,
"ספרי עם פירוש רבנו הלל ב""ר אליקים, מהד' ש' קולידיצקי, ירושלים תש""ח.",,ספרי במדבר,לא נמצא,Jerusalem,1948,,,,,
"ספרי עם באור עמק הנצי""ב, מאת נפתלי צבי יהודה ברלין, ירושלים תשי""ט-תשכ""א.",,ספרי במדבר,לא נמצא,Jerusalem,1959,,,,,
"פירוש לספרי במדבר מיוחס לראב""ד, מהד' צ' בסר, אטלנטה תשנ""ח.",,ספרי במדבר,לא נמצא,Atlanta,1998,,,,,
"Neusner, Sifré to Numbers: an American translation and explanation, Atlanta 1986.",,ספרי במדבר,לא נמצא,Atlanta,1986,,,,,
"ד""ה קעניגסבערגער, פלעשן תרס""ז.",,ספרי זוטא במדבר,לא נמצא,Plzeň,1907,,,,,
"י""ז יוסקוביץ, ספרי זוטא לסדר במדבר עם פירוש אמבוהא דספרי, לודז תרפ""ט.",,ספרי זוטא במדבר,לא נמצא,Lodz,1929,,,,,
"י""נ אפשטיין, 'ספרי זוטא פרשת פרה', תרביץ א, ספר א, תר""ץ, עמ' 46-78.",,ספרי זוטא במדבר,לא נמצא,Jerusalem,1930,,,,,
"א""ז גרבוז, ספרי זוטא על ספר במדבר עם פירוש ספירי אפרים, ירושלים תש""ט.",,ספרי זוטא במדבר,לא נמצא,Jerusalem,1949,,,,,
"Schechter, ‘Fragment of Sifre Zuta’, JQR 6, 1894, pp. 656-663.",,ספרי זוטא במדבר,לא נמצא,London,1894,,,,,
"דפוס ראשון: ספרי דברים, ונציה ש""ה.",דפוס חשוב,ספרי דברים,לא נמצא,Venice,1545,,,,,
"ר' מאיר בנבנישתי, אות אמת, סלוניקי שכ""ה.",דפוס חשוב,ספרי דברים,לא נמצא,Salonika,1565,,,,,
"ספרי דבי רב עם פירוש ר' דוד פארדו, סלוניקי תקנ""ט.",,ספרי דברים,לא נמצא,Salonika,1799,,,,,
"ר' יהודה נג'אר, אהלי יהודה, ליוורנו תקפ""ג.",,ספרי דברים,לא נמצא,Livorno,1823,,,,,
"ספרי במדבר דברים עם הגהות הגר""א, וילנה תרכ""ו.",,ספרי דברים,לא נמצא,Vilna,1866,,,,,
"ספרי על ספר דברים, מהד' א""א פינקלשטיין, ניו יורק תשכ""ט.",,ספרי דברים,לא נמצא,New York,1969,,,,,
"ספרי עם פירוש רבנו הלל, מהד' ש' קולידיצקי, ירושלים תש""ח, ירושלים תשמ""ה.",,ספרי דברים,לא נמצא,Jerusalem,1985,,,,,
"ר' אליעזר נחום, פירוש ספרי, מהד' מ' כהנא, ירושלים תשנ""ג.",,ספרי דברים,לא נמצא,Jerusalem,1993,,,,,
"פירוש לספרי דברים מיוחס לראב""ד, מהד' צ' בסר, אטלנטה, ג'ורג'יה תשנ""ד.",,ספרי דברים,לא נמצא,Atlanta,1994,,,,,
"Hammer, Sifre: A Tannaitic Commentary on the Book of Deuteronomy translated from the Hebrew with introduction and notes, New Haven 1986.",,ספרי דברים,לא נמצא,New Haven,1986,,,,,
"Neusner, Sifre to Deuteronomy: An Analytical Translation, Atlanta 1987.",,ספרי דברים,לא נמצא,Atlanta,1987,,,,,
"מדרש תנאים לקוטי בתר לקוטי ממכילתא לספר דברים, מהד' רד""צ הופמן, ברלין 1897.",,מכילתא דברים,לא נמצא,Berlin,1897,,,,,
"מ' כהנא, ספרי זוטא דברים: מובאות ממדרש תנאי חדש, ירושלים תשס""ג = כהנא, ספרי זוטא.",,ספרי זוטא דברים,לא נמצא,Jerusalem,2003,,,,,
"מדרש רבה, קושטא רע""ב.",דפוס חשוב,בראשית רבה,1.1:1:1.1,Constantinople,1512,,,,,
"מדרש רבה, ונציה ש""ה.",דפוס חשוב,בראשית רבה,1.1:1:1.1,Venice,1545,,,,,
"מדרש רבה, וילנה תר""ג-תר""ה, תרמ""ה (דפוס צילום ירושלים תשמ""ח).",,בראשית רבה,1.1:1:1.1,Jerusalem,1988,,,,,
"מדרש רבה, ורשה תר""י, תרפ""ד (דפוס צילום ירושלים תשל""ז).",,בראשית רבה,1.1:1:1.1,Jerusalem,1977,,,,,
"מדרש בראשית רבה, מהד' תיאודור-אלבק, ברלין תרע""ב-תרצ""ו.",,בראשית רבה,1.1:1:1.1,Berlin,1912,,,,,
"מדרש רבה, מפורש בידי א""א הלוי, תל אביב תשט""ז-תשכ""ג.",,בראשית רבה,1.1:1:1.1,Tel Aviv,1956,,,,,
"מדרש רבה, מפורש פירוש מדעי חדש, מ""א מירקין, תל אביב תשי""ז-תשכ""ח.",,בראשית רבה,1.1:1:1.1,Tel Aviv,1957,,,,,
"מדרש בראשית רבה כתב יד וטיקן 30, ירושלים תשל""א.",,בראשית רבה,1.1:1:1.1,Jerusalem,1971,,,,,
"מדרש בראשית רבה כתב יד וטיקן 60, ירושלים תשל""ב.",,בראשית רבה,1.1:1:1.1,Jerusalem,1972,,,,,
"מ' סוקולוף, קטעי בראשית רבה מן הגניזה, ירושלים תשמ""ב.",,בראשית רבה,1.1:1:1.1,Jerusalem,1982,,,,,
"מדרש רבה המבואר, ירושלים תשמ""ג-תשנ""ט.",,בראשית רבה,1.1:1:1.1,Jerusalem,1999,,,,,
"Midrash rabbah, translated into English with notes, glossary and indexes under the editorship of H. Freedman and M. Simon",,בראשית רבה,1.1:1:1.1,London,1939,,,,,
"with a foreword by I. Epstein, London 1939.",,בראשית רבה,1.1:1:1.1,London,1939,,,,,
"מדרש שמות רבה: פרשות א-יד, מהד' א' שנאן, ירושלים תשמ""ד.",,שמות רבה,1.2:1:1.0,Jerusalem,1984,,,,,
"with a foreword by I. Epstein, London 1939",,בראשית רבה,1.1:1:1.1,London,1939,,,,,
"מדרש ויקרא רבה, מהד' מ' מרגליות, ירושלים תשי""ג-תשי""ד.",,ויקרא רבה,1.3:1:1.0,Jerusalem,1953,,,,,
"מדרש רבה, מפורש פירוש מדעי חדש, מ""א מירקין, תל אביב תשי""ז-תשכ""ז.",,ויקרא רבה,1.3:1:1.0,Tel Aviv,1957,,,,,
"דפוס ראשון: מדרש רבה, קושטא רע""ב.",כפולה,במדבר רבה,1.4:1:1.0,Constantinople,1512,,,,,
"ש' בובר, לקוטים ממדרש אלה הדברים זוטא, וינה תרמ""ה.",,דברים רבה,1.5:1:1.0,Vienna,1885,,,,,
"מדרש דברים רבה, מהד' ש' ליברמן, ירושלים ת""ש.",מהדורה ביקורתית,,,Jerusalem,1940,,,,,
"ש' בובר (מהדיר), פסיקתא והיא אגדת ארץ ישראל מיוחסת לרב כהנא, ליק תרכ""ח.",,פסיקתא דרב כהנא,1.25:1:1.0,New York,1968,,,,,
"ד' מנדלבוים (מהדיר), פסיקתא דרב כהנא, ניו יורק תשכ""ב.",כפולה,פסיקתא דרב כהנא,1.25:1:1.0,New York,1962,,,,,
"Pesikta de-Rab Kahana, translated from Hebrew and Aramaic by W.G. Braude and I.J. Kapstein, Philadelphia 1975. ‎", ,פסיקתא דרב כהנא,1.25:1:1.0,Philadelphia,1975,,,,,
"מדרש תנחומא, קושטא ר""פ-רפ""ב.",דפוס חשוב,תנחומא ילמדנו,לא נמצא,Constantinople,1520,,,,,
"מדרש תנחומא, ונציה ש""ה.",דפוס חשוב,תנחומא ילמדנו,לא נמצא,Venice,1545,,,,,
"מדרש תנחומא, מנטובה שכ""ג.",דפוס חשוב,תנחומא ילמדנו,לא נמצא,Mantua,1563,,,,,
"לקוטים ממדרש אלה הדברים זוטא, מהד' ש' בובר, וינה תרכ""ה.",,תנחומא ילמדנו,לא נמצא,Vienna,1865,,,,,
"מדרש תנחומא הקדום והישן, ש' בובר (מהדיר), וילנה תרמ""ג.",,תנחומא ילמדנו,לא נמצא,Vilna,1883,,,,,
"א' גרינהוט, 'ליקוטי מדרש ילמדנו', בתוך: ספר הליקוטים: קובץ מדרשים ישנים ומאמרים שונים ד, ה, ו, ירושלים תרנ""ח.",,תנחומא ילמדנו,לא נמצא,Jerusalem,1898,,,,,
"דברים רבה, מהד' ש' ליברמן, ירושלים ת""ש.",כפולה,דברים רבה,1.5:1:1.0,Jerusalem,1900,,,,,
"מדרש תנחומא על חמישה חומשי תורה עם פירושים, ירושלים תשכ""ב.",,תנחומא ילמדנו,לא נמצא,Jerusalem,1962,,,,,
"י' אדלר, 'מדרש תנחומא כתב יד וטיקן 44', קובץ על יד ח, תשל""ו, עמ' 15-75.",,תנחומא ילמדנו,לא נמצא,Jerusalem,1976,,,,,
"מדרש תנחומא המפואר, ירושלים תשנ""ד.",,תנחומא ילמדנו,לא נמצא,Jerusalem,1994,,,,,
"מדרש תנחומא עם פירוש דעת סופרים, ירושלים תשנ""ד.",,תנחומא ילמדנו,לא נמצא,Jerusalem,1994,,,,,
"א""ד קנסקי, מדרש תנחומא (הנדפס) שמות: שמות עד בשלח הוצאה מדעית, ניו יורק 1990.",כפולה,תנחומא ילמדנו,לא נמצא,New York,1990,,,,,
"א' לזרובסקי, מדרש שמות-רבה, פרשת משפטים: מהדורה מדעית ודיון בסיפורים, עבודה לשם קבלת התואר מוסמך, האוניברסיטה העברית, ירושלים תשס""ה.",,תנחומא ילמדנו,לא נמצא,Jerusalem,2005,,,,,
"ז' פרדס-פינשטיין, פרשות המשכן (תרומה-תצוה, ויקהל-פקודי) במדרש שמות רבה ב' – נוסח, תוכן, מבנה ומגמה, עבודה לשם קבלת התואר דוקטור לפילוסופיה, האוניברסיטה העברית, ירושלים תשס""ט.",,תנחומא ילמדנו,לא נמצא,Jerusalem,2009,,,,,
"Midrash Tanhuma. English: Translates into English with introduction, indices, and brief notes (S. Buber recension), by J.T. Townsend,‎ vols. 1-3, Hoboken 1989-2003.",,תנחומא ילמדנו,לא נמצא,Hoboken,1989,,,,,
"Midrash Tanhuma-Yelammedenu: An English Translation of Genesis and Exodus from the Printed Version of Tanhuma-Yelammedenu With an Introduction, Notes, and Indexes by S.A. Berman, Hoboken 1996.",,תנחומא ילמדנו,לא נמצא,Hoboken,1996,,,,,
"Ulmer, Pesiqta rabbati: a synoptic edition of Pesiqta rabbati based upon all extant manuscripts and the editio princeps, Atlanta 1997.",כפולה,תנחומא ילמדנו,לא נמצא,Atlanta,1997,,,,,
"פסיקתא רבתי, פראג תט""ז.",דפוס חשוב,פסיקתא רבתי,1.25:2:1.0,Prague,1654,,,,,
"פסיקתא רבתי דרב כהנא עם פירוש מהרז""ו איינהורן, ברעסלויא תקצ""א.",,פסיקתא רבתי,1.25:2:1.0,Wrocław,1831,,,,,
"פסיקתא רבתי, מ' איש שלום (מהדיר), וינה תר""ם.",,פסיקתא רבתי,1.25:2:1.0,Vienna,1880,,,,,
"פסיקתא רבתי דרב כהנא עם פירוש רא""ז מרגליות, מהרז""ו והרד""ל, ורשה תרנ""ג.",,פסיקתא רבתי,1.25:2:1.0,Warsaw,1893,,,,,
"W.G. Braude, Pesikta Rabbati: Discourses for Feasts and Special Sabbaths, New Haven 1968.",,פסיקתא רבתי,1.25:2:1.0,New Haven,1968,,,,,
"Hahn, Wallfahrt und Auferstehung zur messianischen Zeit: Eine rabbinische Homilie zum Neumond-Shabbat (Pesr 1), Gesellschaft zur Förderung Judaischer Studien 5, Frankfurt a.m. 1979.",כפולה,פסיקתא רבתי,1.25:2:1.0,Frankfurt a.m.,1979,,,,,
"דפוס ראשון: אגדתא דבראשית, שתי ידות, רבי מנחם די לונזאנו, ונציה שע""ח.",דפוס חשוב,אגדת בראשית,1.1:2:1.0,Venice,1618,,,,,
"אגדת בראשית, מהד' ר' אברהם בן הגר""א, וילנה תקס""ב.",,אגדת בראשית,1.1:2:1.0,Vilna,1802,,,,,
"אגדת בראשית, מהד' ש' בובר, קרקוב תרס""ג.",,אגדת בראשית,1.1:2:1.0,Krakow,1903,,,,,
"Teugels, Aggadat Bereshit, Translated from the Hebrew with an Introduction and Notes, Leiden 2001.",,אגדת בראשית,1.1:2:1.0,Leiden,2001,,,,,
"דפוס ראשון: מדרש חמש מגילות, קושטא ר""פ.",דפוס חשוב,שיר השירים רבה,1.17:1:1.0,Constantinople,1520,,,,,
"מדרש חמש מגילות, פיזרו רע""ט.",דפוס חשוב,שיר השירים רבה,1.17:1:1.0,Pesaro,1980,,,,,
"מדרש רבה שיר השירים: מדרש חזית, ש' דונסקי (מהדיר), ירושלים תש""ם.",,שיר השירים רבה,1.17:1:1.0,Jerusalem,1880,,,,,
"S.T. Lachs, A critical Edition of Canticles Rabbah: Chapter One, The Dropsie College for Hebrew and Cognate Learning, Philadelphia 1958.",כפולה,שיר השירים רבה,1.17:1:1.0,Philadelphia,1958,,,,,
"L.F. Girón-Blanc, 'Cantar de los Cantares Rabbâ 4, 7-8 – Edición Crítica', Sefarad 52, 1, 1992, pp. 103-112.",כפולה,שיר השירים רבה,1.17:1:1.0,Madrid,1992,,,,,
"מדרש זוטא על שיר השירים, רות, איכה וקהלת, מהד' ש' בובר, ברלין תרנ""ד.",כפולה,שיר השירים זוטא,1.17:2:1.0,Berlin,1894,,,,,
"'פרקי שיר השירים זוטא', בתוך: צ""מ רבינוביץ (עורך), גנזי מדרש, תל אביב תשל""ז, עמ' 250-295.",כפולה,שיר השירים זוטא,1.17:2:1.0,Tel Aviv,1977,,,,,
"Agadath Shir ha-Shirim, S. Schechter (ed.), Cambridge 1896.",כפולה,שיר השירים זוטא,1.17:2:1.0,Cambridge,1896,,,,,
"מדרש שיר השירים, מהד' א' גרינהוט, ירושלים תרנ""ז.",כפולה,מדרש שיר השירים,1.17:3:1.0,Jerusalem,1897,,,,,
"מדרש שיר השירים על פי כתב-יד ישן מתוך הגניזה שבקהיר, מהד' י""ח ורטהימר, ירושלים תשל""א.",כפולה,מדרש שיר השירים,1.17:3:1.0,Jerusalem,1971,,,,,
"מדרש רבה על חמישה חומשי תורה וחמש מגילות, ירושלים תש""ל.",,רות רבה,1.18:1:1.0,Jerusalem,1970,,,,,
"אגדת רות ומדרש רות רבה, מ""ב לרנר (מהדיר), ירושלים תשל""א.",כפולה,רות רבה,1.18:1:1.0,Jerusalem,1971,,,,,
"מדרש איכה רבה, ש' בובר (מהדיר), וילנה תרנ""ט.",,איכה רבה,1.19:1:1.0,Vilna,1899,,,,,
"מדרש זוטא על שיר השירים, רות, איכה וקהלת, מהד' ש' בובר, ברלין תרנ""ד (כולל שני נוסחים: 'איכה זוטא' ו'איכה זוטא נוסחה שניה').",,איכה זוטא,1.19:2:1.0,Berlin,1894,,,,,
"י' תבורי וא' עצמון (עורכים), מדרש אסתר רבה, מהדורה סינופטית, www.schechter.ac.il/raba.asp.",,אסתר רבה א,לא נמצא,Digital,2014,,,,,
"דפוס ראשון: א' ילינק, בית המדרש א, לייפציג תרי""ג.",,מדרש אבא גוריון,לא נמצא,Leipzig,1853,,,,,
"ספרי דאגדתא על מגילת אסתר, מהד' ש' בובר, וילנה תרמ""ז.",כפולה,מדרש אבא גוריון,לא נמצא,Vilna,1886,,,,,
"א' ילינק, בית המדרש א, לייפציג תרי""ג (קטע מתוך המדרש).",,מדרש פנים אחרות נוסח ב',לא נמצא,Leipzig,1853,,,,,
"דפוס ראשון: מדרש תדשא, בתוך: א' ילינק (עורך), בית המדרש ג, לייפציג תרי""ג- תרל""ח",,מדרש תדשא או ברייתא דרבי פנחס בן יאיר,לא נמצא,Leipzig,1878,,,,,
"מדרש תדשא, ורשה תרל""ו",,מדרש תדשא או ברייתא דרבי פנחס בן יאיר,לא נמצא,Warsaw,1875,,,,,
"מדרש תדשא או ברייתא דרבי פנחס בן יאיר, מהד' א' עפשטיין, בתוך: מקדמוניות היהודים א, וינה תרמ""ז",כפולה,מדרש תדשא או ברייתא דרבי פנחס בן יאיר,לא נמצא,Vienna,1887,,,,,
"דפוס ראשון: חבור המעשיות והמדרשות, קושטא רע""ט.",דפוס חשוב,מדרש ויושע,133:T,Constantinople,1519,,,,,
"ספר דברי חכמים, מיץ תר""ט.",,מדרש ויושע,133:T,Metz,1849,,,,,
"א' ילינק, בית המדרש א, לייפציג תרי""ג.",כפולה,מדרש אבא גוריון,לא נמצא,Leipzig,1853,,,,,
"י""ד אייזנשטיין, אוצר המדרשים א, ניו יורק תרע""ה.",,מדרש ויושע,133:T,New York,1915,,,,,
"ז' פרדס-פינשטיין, מדרש ויושע: מבוא, מהדורת טקסט ודיון, עבודה לשם קבלת התואר מוסמך, האוניברסיטה העברית, ירושלים תשנ""ד.",כפולה,מדרש ויושע,133:T,Jerusalem,1994,,,,,
"מדרש יונה עם סבוב ר' פתחיה, פראג 1595",דפוס חשוב,תשובת יונה הנביא,לא נמצא,Prague,1595,,,,,
"א' ילינק (עורך), בית המדרש א, לייפציג תרי""ג (דפוס צילום ירושלים 1938)",,תשובת יונה הנביא,לא נמצא,Jerusalem,1938,,,,,
"אגדת אגדות – קובץ מדרשים קטנים, מהד' ח""מ הורוויץ, ברלין תרמ""א (דפוס צילום ירושלים תשכ""ז)",,תשובת יונה הנביא,לא נמצא,Jerusalem,1881,,,,,
"ת' קדרי, 'מדרש תשובת יונה הנביא', קובץ על יד טז, תשס""ב, עמ' 67-84 = קדרי, מדרש",מהדורה ביקורתית,תשובת יונה הנביא,לא נמצא,Venice,2002,,,,,
"ש' בובר, ליקוטים ממדרש אלה הדברים רבה [זוטא], פרסבורג תרמ""ה.
ע' גאולה, מדרשי אגדה אבודים הידועים מאשכנז בלבד: אבכיר, אספה ודברים זוטא, עבודה לשם קבלת התואר דוקטור לפילוסופיה, האוניברסיטה העברית, ירושלים תשס""ז.",,מדרש דברים זוטא,לא נמצא,Jerusalem,1885,,,,,
"דברי הימים של משה רבנו, קושטא רע""ז.",דפוס חשוב,דברי הימים של משה רבנו,לא נמצא,Constantinople,2007,,,,,
"דברי הימים למשה רבנו, ונציה ש""ז.",דפוס חשוב,דברי הימים של משה רבנו,לא נמצא,Venice,1547,,,,,
"דברי הימים של משה רבנו, בתוך: א' ילינק, בית המדרש ב, לפסייא-וינה, תרי""ג-תרל""ח, עמ' 1-11.",,דברי הימים של משה רבנו,לא נמצא,Vienna,1853,,,,,
"דברי הימים של משה רבנו, בתוך: י""ד אייזנשטין, אוצר מדרשים ב, ניו יורק תרע""ה, עמ' 357-361.",,דברי הימים של משה רבנו,לא נמצא,New York,1915,,,,,
"א' שנאן, 'דברי הימים של משה רבנו', הספרות 24, 1977, עמ' 107-115.",,דברי הימים של משה רבנו,לא נמצא,Tel Aviv,1977,,,,,
"ע' יסיף, ספר הזכרונות: הוא דברי הימים לירחמאל, מהדורה ביקורתית בצירוף מבוא הערות ומקבילות, תל אביב תשס""א, עמ' 158-172.",,דברי הימים של משה רבנו,לא נמצא,Tel Aviv,2001,,,,,
"מדרש עשרת הדברות, פירארה שי""ד.",,מדרש עשרת הדיברות,לא נמצא,Ferrara,1554,,,,,
"מדרש עשרת הדברות, לובלין תל""ב.",,מדרש עשרת הדיברות,לא נמצא,Lublin,1672,,,,,
"א' ילינק, בית המדרש א, לייפציג תרי""ג, עמ' 62-90.",,מדרש עשרת הדיברות,לא נמצא,Leipzig,1853,,,,,
"מדרש עשרת הדברות, יל""ה הכהן פישמן-מימון (מהדיר), ירושלים תרפ""ד.",,מדרש עשרת הדיברות,לא נמצא,Jerusalem,1924,,,,,
"ע' שפירא, מדרש עשרת הדברות – טקסט מקורות ופירוש, ירושלים תשס""ה.",כפולה,מדרש עשרת הדיברות,לא נמצא,Jerusalem,2005,,,,,
"א' ילינק, בית המדרש א-ו, לייפציג תרי""ג-תרל""ח.",,ספרי אסופות של מדרשים,לא נמצא,Leipzig,1853,,,,,
"ח""מ הורוויץ, אגדת אגדות, ברלין תרמ""א.",,ספרי אסופות של מדרשים,לא נמצא,Berlin,1881,,,,,
"ח""מ הורוויץ, בית עקד האגדות, פרנקפורט תרמ""א-תרמ""ב.",,ספרי אסופות של מדרשים,לא נמצא,Frankfurt,1881,,,,,
"ח""מ הורוויץ, ספר תוספתא עתיקתא, פרנקפורט תר""ן.",,ספרי אסופות של מדרשים,לא נמצא,Frankfurt,1890,,,,,
"ש""א ורטהימר, בתי מדרשות, ירושלים תרנ""ג-תרנ""ז.",,ספרי אסופות של מדרשים,לא נמצא,Jerusalem,1893,,,,,
"ש""א ורטהימר, ספר לקט מדרשים, ירושלים תרס""ג.",,ספרי אסופות של מדרשים,לא נמצא,Jerusalem,1903,,,,,
"ש""א ורטהימר, ספר אוצר מדרשים כתבי יד, ירושלים (?) תרע""ג.",,ספרי אסופות של מדרשים,לא נמצא,Jerusalem,1913,,,,,
"ש""א ורטהימר, ספר מדרשים כתבי יד, ירושלים תרפ""ג.",,ספרי אסופות של מדרשים,לא נמצא,Jerusalem,1923,,,,,
"א' גרינהוט, ספר הלקוטים, ירושלים תרנ""ח-תרס""ד.",,ספרי אסופות של מדרשים,לא נמצא,Jerusalem,1898,,,,,
"י""ד אייזנשטיין, אוצר מדרשים, ניו יורק תרע""ה.",,ספרי אסופות של מדרשים,לא נמצא,New York,1915,,,,,
"ל' גינצבורג, גנזי שכטר א, ניו יורק תרפ""ח.",,ספרי אסופות של מדרשים,לא נמצא,New York,1928,,,,,
"ע' דשא-הלוי, ספר ילקוט מדרשים, צפת תשס""ג-תשס""ז.",,ספרי אסופות של מדרשים,לא נמצא,Safed,2003,,,,,
"Mann, The Bible as Read and Preached in the Old Synagogue, Cincinnati 1940-1966.",,ספרי אסופות של מדרשים,לא נמצא,Cincinnati,1940,,,,,
"ספר פתרון תורה, מהד' א""א אורבך, ירושלים תשל""ח.",כפולה,פתרון תורה,1.3-5:1:1.0,Jerusalem,1978,,,,,
"ספר פתרון תורה: ילקוט מדרשים ופירושים, מהד' צילום, ירושלים תשנ""ה.",,פתרון תורה,1.3-5:1:1.0,Jerusalem,1995,,,,,
"דפוס ראשון: פסיקתא זוטרתא או רבתי, ונציה ש""ו.",דפוס חשוב,לקח טוב - פסיקתא זוטרתא,לא נמצא,Venice,1546,,,,,
"מדרש לקח טוב המכונה פסיקתא זוטרתא על חמישה חומשי תורה, וילנה תר""ם (כרכים א-ב: בראשית-שמות עם מבוא וביאור מאת ש' בובר",כפולה,לקח טוב - פסיקתא זוטרתא,לא נמצא,Vilna,1880,,,,,
"כרכים ג-ה: ויקרא-דברים עם ביאור מאת א""מ פדובה).",מהדורה ביקורתית,לקח טוב - פסיקתא זוטרתא,לא נמצא,Vilna,1880,,,,,
"פירוש לקח טוב (פסיקתא זוטרתא) על מגילת רות, מהד' י' במברגר, מגנצא תרמ""ז.",מהדורה ביקורתית,לקח טוב - פסיקתא זוטרתא,לא נמצא,Mainz,1887,,,,,
"ספרי דאגדתא על מגילת אסתר… מדרש לקח טוב, מהד' ש' בובר, וילנה תרמ""ז.",מהדורה ביקורתית,לקח טוב - פסיקתא זוטרתא,לא נמצא,Vilna,1887,,,,,
"פרוש לקח טוב על מגילת איכה, מהד' י' נאכט, ברלין תרנ""ה.",מהדורה ביקורתית,לקח טוב - פסיקתא זוטרתא,לא נמצא,Berlin,1895,,,,,
"פירוש לקח טוב על מגילת קהלת, מהד' י' פיינברג, ברלין תרס""ד.",מהדורה ביקורתית,לקח טוב - פסיקתא זוטרתא,לא נמצא,Berlin,1904,,,,,
"פירוש לקח טוב על מגילת איכה, מהד' א' גרינהוף, לונדון 1908.",מהדורה ביקורתית,לקח טוב - פסיקתא זוטרתא,לא נמצא,London,1908,,,,,
"פרוש לקח טוב על מגילת שיר השירים, מהד' א' גרינהוף, לונדון 1909.",מהדורה ביקורתית,לקח טוב - פסיקתא זוטרתא,לא נמצא,London,1909,,,,,
"מדרש לקח טוב המכונה פסיקתא זוטרתא, ירושלים תשס""ז.",,לקח טוב - פסיקתא זוטרתא,לא נמצא,Jerusalem,2007,,,,,
"מדרש שכל טוב על ספר בראשית ושמות, מהד' ש' בובר, ברלין תר""ס.",כפולה,ילקוט שכל טוב,לא נמצא,Berlin,1900,,,,,
"ילקוט שמעוני על התורה ועם קונטרס אחרון ועל נביאים וכתובים, סלוניקי רפ""א, רפ""ו, רפ""ז (דפוס צילום ירושלים תשכ""ח, תשל""ג)",דפוס חשוב,ילקוט שמעוני,1:1:1.0,Jerusalem,1972,,,,,
"ילקוט שמעוני, ונציה שכ""ו",דפוס חשוב,ילקוט שמעוני,1:1:1.0,Venice,1566,,,,,
"ילקוט שמעוני, קרקוב שנ""ה-שנ""ו",דפוס חשוב,ילקוט שמעוני,1:1:1.0,Krakow,1595,,,,,
"ילקוט שמעוני, לובלין ת""א-ת""ג",,ילקוט שמעוני,1:1:1.0,Lublin,1641,,,,,
"ילקוט שמעוני על פי כתב יד אוכספורד עם שינויי נוסחאות מכתבי יד ודפוסים ראשונים ציוני מקורות והערות, ירושלים תשל""ג-תשנ""ט",כפולה,ילקוט שמעוני,1:1:1.0,Jerusalem,1973,,,,,
"אגדת אסתר, מהד' ש' בובר, תרנ""ז",,מדרש הגדול,1.1-5:3:1.0,Krakow,1897,,,,,
"מדרש הגדול בראשית, מהד' רש""ז שכטר, תרס""ב",,מדרש הגדול,1.1-5:3:1.0,Cambridge,1902,,,,,
"מדרש הגדול שמות, מהד' רד""צ הופמן, תרע""ד-תרפ""א",,מדרש הגדול,1.1-5:3:1.0,Berlin,1914,,,,,
"מדרש הגדול דברים, מהד' רמ""ז חסידא, תרצ""ד-תש""ב",,מדרש הגדול,1.1-5:3:1.0,Jerusalem,1934,,,,,
"ישראל בן שלמה מצובירה, ספר המרגלית, תשל""ו.",,מדרש הגדול,1.1-5:3:1.0,Jerusalem,1976,,,,,
"ילקוט המכירי לישעיהו, מהד' י""ז כהנא-שפירא, ברלין תרנ""ג",כפולה,ילקוט המכירי,לא נמצא,Berlin,1902,,,,,
"ילקוט המכירי לתהילים, מהד' ש' בובר, ברדיטשוב תר""ס",כפולה,ילקוט המכירי,לא נמצא,Berdychiv,1900,,,,,
"ילקוט המכירי למשלי, מהד' א""ה גרינהוט, ירושלים תרס""ב",,ילקוט המכירי,לא נמצא,Jerusalem,1902,,,,,
"א' גרינהוט, ספר הליקוטים, כרך ו, חלק א, ירושלים תרס""ג",,ילקוט המכירי,לא נמצא,Jerusalem,1903,,,,,
"ילקוט המכירי לתרי עשר, מהד' גרינהוף, לונדון 1909-1913 (דפוס צילום ירושלים תשכ""ז)",כפולה,ילקוט המכירי,לא נמצא,Jerusalem,1909,,,,,
"ילקוט המכירי למשלי, מהד' י""מ בדאהב, ירושלים תרפ""ז",כפולה,ילקוט המכירי,לא נמצא,Jerusalem,1927,,,,,
"ש' שפיגל, 'קטע חדש מילקוט המכירי למשלי', סידרא א, תשמ""ה, עמ' 91-130",,ילקוט המכירי,לא נמצא,Ramat Gan,1985,,,,,
"A.W. Greenup, ‘A Fragment of the Yalkut of R. Machir bar Abba Mari on Hosea’, JQR XV, 1924-1925, pp. 146-212",,ילקוט המכירי,לא נמצא,Philadelphia,1924,,,,,
"מדרש שמואל, קושטא רע""ז.",דפוס חשוב,מדרש שמואל,1.8:1:1.0,Constantinople,1517,,,,,
"מדרש תהלים רבתא עם מדרש שמואל רבתא, ונציה ש""י.",דפוס חשוב,מדרש שמואל,1.8:1:1.0,Venice,1550,,,,,
"מדרש שוחר טוב: מדרש תהילים ומשלי רבתא עם מדרש שמואל רבתא, פראג שע""ג (עם פירוש קצר מאת ר' יצחק בר' שמשון כ""ץ).",דפוס חשוב,מדרש שמואל,1.8:1:1.0,Prague,1613,,,,,
"מדרש שוחר טוב והוא מדרש שמואל, זאלקווא תק""ס (עם פירוש רבי יעקב מבראד).",,מדרש שמואל,1.8:1:1.0,Zhovkva,1800,,,,,
"מדרש שמואל, ש' בובר (מהדיר), קרקוב תרנ""ג.",,מדרש שמואל,1.8:1:1.0,Krakow,1893,,,,,
"מדרש שמואל, ירושלים תש""ס (עם פירושי ר' שמואל יפה אשכנזי, ר""י כץ, ר""י מבראד, עץ יוסף ענף יוסף, הגהות רד""ל, ועוד).",,מדרש שמואל,1.8:1:1.0,Jerusalem,2000,,,,,
"מדרש שמואל על פי דפוס קושטא רע""ז עם מבוא חילופי נוסחאות והערות, מסורת המדרש ופירוש מקיף, ב' ליפשיץ (מהדיר), ירושלים תשס""ט.",כפולה,מדרש שמואל,1.8:1:1.0,Constantinople,1517,,,,,
"מדרש תהילים, קושטא רע""ב (המדרש מודפס עד מזמור קי""ח).",דפוס חשוב,מדרש תהילים – שוחר טוב,לא נמצא,Constantinople,1512,,,,,
"מדרש תהילים, סלוניקי רע""ה (המדרש כולל גם את חלקו השני, ואת פירוש אלפא ביתא לר' מתתיה היצהרי).",דפוס חשוב,מדרש תהילים – שוחר טוב,לא נמצא,Salonika,1515,,,,,
"מדרש שוחר טוב, ונציה ש""ו (נדפס יחד עם מדרש שמואל).",דפוס חשוב,מדרש תהילים – שוחר טוב,לא נמצא,Venice,1546,,,,,
"מדרש שוחר טוב, אמסטרדם ת""צ.",,מדרש תהילים – שוחר טוב,לא נמצא,Amsterdam,1730,,,,,
"מדרש שוחר טוב עם פירוש יבקש רצון מאת א' הלוי הורוויץ, לבוב תרי""א.",,מדרש תהילים – שוחר טוב,לא נמצא,Lviv,1851,,,,,
"מדרש שוחר טוב עם ביאור אהרן משה פאדווא, ורשה תרכ""ה.",,מדרש תהילים – שוחר טוב,לא נמצא,Warsaw,1965,,,,,
"מדרש תהילים המכונה שוחר טוב, מהד' ש' בובר, וילנה תרנ""א.",מהדורה ביקורתית,מדרש תהילים – שוחר טוב,לא נמצא,Vilna,1891,,,,,
"מדרש תהילים המבואר, ירושלים תשס""ב.",,מדרש תהילים – שוחר טוב,לא נמצא,Jerusalem,2002,,,,,
"W.G. Braude, The Midrash of Psalms, New Haven 1959.",,מדרש תהילים – שוחר טוב,לא נמצא,New Haven,1959,,,,,
"מדרש משלי, קושטא רע""ב-רע""ז.",דפוס חשוב,מדרש משלי,1.15:1:1.0,Constantinople,1512,,,,,
"מדרש שוחר טוב, ונציה ש""ו.",דפוס חשוב,מדרש משלי,1.15:1:1.0,Venice,1546,,,,,
"מדרש משלי, ש' בובר (מהדיר), וילנה תרנ""ג.",,מדרש משלי,1.15:1:1.0,Vilna,1613,,,,,
"מדרש משלי, ב' ויסוצקי (מהדיר), ניו יורק תש""ן.",כפולה,מדרש משלי,1.15:1:1.0,New York,1990,,,,,
"B.L. Visotzky, The Midrash on Proverbs, translated from the Hebrew with an introduction and annotations, New Haven 1992.",,מדרש משלי,1.15:1:1.0,New Haven,1992,,,,,
"אבות דרבי נתן, ש""ז שכטר (מהדיר), וינה תרמ""ז.",כפולה,אבות דרבי נתן,2:1:1.0,Vienna,1887,,,,,
"אבות דרבי נתן, מהדורה סינופטית של שתי הגרסות, ה""י בקר בהשתתפות ק' ברנר, טובינגן 2006.",כפולה,אבות דרבי נתן,2:1:1.0,Tübingen,2006,,,,,
"The Fathers according to Rabbi Nathan (Abot de Rabbi Nathan) version B, a translation and commentary by A.J. Saldarini, Leiden-Brill 1975.",,אבות דרבי נתן,2:1:1.0,Mantua,1975,,,,,
"Goldin, The Fathers According to Rabbi Nathan, New Haven 1995.",,אבות דרבי נתן,2:1:1.0,New Haven,1995,,,,,
"Geniza-Fragmente zu Avot de-Rabbi Natan, in Zusammenarbeit mit C. Berner, W. Drews und U. Kämpf, herausgegeben von H.J. Becker, Tübingen 2004.",,אבות דרבי נתן,2:1:1.0,Tübingen,2004,,,,,
"פרקי דרבי אליעזר, קושטא רע""ד.",דפוס חשוב,פרקי דרבי אליעזר,41:T,Constantinople,1514,,,,,
"פרקי דרבי אליעזר, עם ביאור רד""ל, ורשה תרי""ב (דפוס צילום ירושלים תש""ל).",,פרקי דרבי אליעזר,41:T,Jerusalem,1970,,,,,
"פרקי דרבי אליעזר, עם ביאור הבית הגדול, שלום ברודא, למברג תר""ל.",,פרקי דרבי אליעזר,41:T,Lviv,1870,,,,,
"פרקי דרבי אליעזר, מהד' היגער, חורב ח-י, 1944-1948.",,פרקי דרבי אליעזר,41:T,New York,1944,,,,,
"פרקי דרבי אליעזר, מהד' הורוויץ, ירושלים תשל""ב.",,פרקי דרבי אליעזר,41:T,Jerusalem,1972,,,,,
"צ""מ רבינוביץ, 'קטעי גניזה מפרקי דרבי אליעזר', בר-אילן טז-יז, תשל""ט, עמ' 100-111.",,פרקי דרבי אליעזר,41:T,Ramat Gan,1979,,,,,
"פרקי דרבי אליעזר, ירושלים תשס""ה.",,פרקי דרבי אליעזר,41:T,Jerusalem,2005,,,,,
"Friedlander, Pirke de-Rabbi Eliezer, London 1916 (New York 1981).",,פרקי דרבי אליעזר,41:T,London,1916,,,,,
"Pérez Fernández, Los Capitolos de Rabbi Eliezer, Valencia 1984.",,פרקי דרבי אליעזר,41:T,Valencia,1984,,,,,
"דפוס ראשון: תנא דבי אליהו, ונציה שנ""ח.",דפוס חשוב,סדר אליהו,לא נמצא,Venice,1598,,,,,
"דפוס שני: תנא דבי אליהו עם פירוש זיקוקין דנורא ובעורין דאשא מאת ר' שמואל היידא, פראג תל""ו.",,סדר אליהו,לא נמצא,Prague,1965,,,,,
"תנא דבי אליהו זוטא, בתוך: מ""ה הורוויץ (עורך), בית עקד האגדות ב, פרנקפורט תרמ""א-תרמ""ב.",,סדר אליהו,לא נמצא,Frankfurt,1981,,,,,
"סדר אליהו רבא וסדר אליהו זוטא, מהד' איש שלום, וינה תרס""ב.",כפולה,סדר אליהו,לא נמצא,Vienna,1902,,,,,
"ליקוטי סדר אליהו זוטא מהגניזה, בתוך: ל' גינצבורג (עורך), גנזי שכטר א, ניו יורק תרפ""ח-תרפ""ט, עמ' 238-295.",,סדר אליהו,לא נמצא,New York,1928,,,,,
"תורת כהנים (ספרא) סדר אליהו רבה וזוטא, כתב יד וטיקן 30, ירושלים תשל""ב.",,סדר אליהו,לא נמצא,Jerusalem,1972,,,,,
"Tana Debe Eliyyahu – The Lord of the School of Elijah, translated from the Hebrew by G. Braude and J. Kapstein, Philadelphia 1981.",,סדר אליהו,לא נמצא,Philadelphia,1981,,,,,
"סדר עולם, מנטובה רע""ד.",דפוס חשוב,סדר עולם,3:2:1.0,Mantua,1514,,,,,
"סדר עולם, קושטא רע""ז.",דפוס חשוב,סדר עולם,3:2:1.0,Constantinople,1517,,,,,
"סדר עולם רבא, ונציה ש""ה-ש""ו.",דפוס חשוב,סדר עולם,3:2:1.0,Venice,1545,,,,,
"סדר החכמים וקורות הימים, מהד' נויבאואר, אוקספורד תרמ""ח-תרנ""ג.",כפולה,סדר עולם,3:2:1.0,Oxford,1888,,,,,
"סדר עולם רבה, מהד' רטנר, וילנה תרנ""ז.",,סדר עולם,3:2:1.0,Vilna,1897,,,,,
"סדר עולם פרקים א-י, מהד' מארכס, ברלין תרס""ג.",כפולה,סדר עולם,3:2:1.0,Berlin,1903,,,,,
"סדר עולם עם ביאורים והגהות מהרב יעקב עמדן ומהרב אליהו מווילנא, מהד' ליינר, ורשה תרס""ה.",,סדר עולם,3:2:1.0,Warsaw,1905,,,,,
"סדר עולם עם פירושים של משה יאיר ווינשטראק, ירושלים תשט""ז.",,סדר עולם,3:2:1.0,Jerusalem,1956,,,,,
"Milikowsky (ed.), Seder Olam: a rabbinic cronography, Ann Arbor 1981.",כפולה,סדר עולם,3:2:1.0,Ann Arbor,1981,,,,,
"משה בן יוסף מטראני, בית אלהים, ונציה של""ו",דפוס חשוב,פרק שירה,321:T,Venice,1576,,,,,
"יהודה ליב פוחוביצר, דברי חכמים, חלק א, המבורג תנ""ב",,פרק שירה,321:T,Hamburg,1692,,,,,
"ישעיה הורוביץ, שער השמים, אמסטרדם תע""ז",,פרק שירה,321:T,Amsterdam,1717,,,,,
"יצחק בן אריה יוסף דב, סדור עבודת ישראל, רדלהיים תרכ""ח",,פרק שירה,321:T,Rödelheim,1865,,,,,
"י""ד אייזנשטיין, אוצר מדרשים, ניו יורק תרע""ה",,ספרי אסופות של מדרשים,לא נמצא,New York,1915,,,,,
"פרק שירה, מהדורה מבוססת על כתבי יד, ב' אליצור (עורך), ירושלים תשמ""ט",כפולה,פרק שירה,321:T,Jerusalem,1989,,,,,