Midrash_MSS ID,קבוצת תעדוף,תעדוף MiDRASH,מספר מערכת,הערות לתעתוק MiDRASH,כינוי כתב היד בכתיב,חיבורים - טור זמני,הערות חיבורים,הערות,זמינות תעתוק,מקור תעתוק,הערה לזמינות תעתוק,הערה עיונית,קישור לכתב היד בספריית המקור,לטיפול במחקר משלים צדקני
,ספרות תנחומא-ילמדנו,1,990001929610205171,,"ספריית הוטיקן, קרית הוטיקן, מדינת קרית הוטיקן Ms. ebr. 34",תנחומא בובר,,,,,,,,V
2,ספרות תנחומא-ילמדנו,1,990001967550205171,"According to Ktiv the MSs is not digitized. Available in the Vatican website, divided into 2 volumes: https://digi.vatlib.it/view/MSS_Vat.ebr.44.pt.1; https://digi.vatlib.it/view/MSS_Vat.ebr.44.pt.1","ספריית הוטיקן, קרית הוטיקן, מדינת קרית הוטיקן Ms. ebr. 44","תנחומא הנדפס - קושטא, אבות דרבי נתן א, מדרש משלי, מעשה תורה לרבינו הקדוש, מעשה רבי יהושע בן לוי, אלפא ביתא דבן סירא, יצירת הולד",תנחומא הנדפס: עם מקצת חומרי תנחומא בובר. ,"שני כרכים נפרדים בספרייה, יש לטפל בשניהם",V-,,"בתוצרים של פרוייקט תיקון סופרים, לא משוקלל",,,V
3,ספרות תנחומא-ילמדנו,1,990000836520205171,,"ספריית פלטינה, פרמה, איטליה Cod. Parm. 3122","תנחומא בובר, פסיקתא רבתי, שיר השירים רבה, דברים רבה, איכה רבה, מדרש משלי, מדרשים קטנים - לפני בירור","תנחומא בובר; פסיקתא רבתי; שיר השירים רבה; מדרש משלי; תנא דברי אליהו זוטא; פרקי דרבי אליעזר; דברים רבה (?ליברמן/הנדפס?); איכה רבה; מדרשים קטנים: אמירות לעתיד ולאמצע (?), יצירת הולד; ארבעה מלכים; אותיות דר""ע",,,,,"שים לב לצירוף איכה רבה + דברים רבה הנדפס גם בכ""י מינכן 229",,V
4,ספרות תנחומא-ילמדנו,1,990000552480205171,Gen Rab (pp. ** - **) complicated layout,"ספריות הבודליאנה, אוניברסיטת אוקספורד, אוקספורד, אנגליה Ms. Opp. Add. fol. 3","בראשית רבה, שמות רבה, ויקרא רבה, במדבר רבה, דברים רבה ליברמן, יצירת הולד",,,V,סינופסיס שלאטר-מיליקובסקי,ויקרא רבה בלבד,,,V
5,ספרות תנחומא-ילמדנו,1,990001289160205171,,"הספרייה הלאומית של צרפת, פריס, צרפת Ms. hebr. 150",במדבר רבה,,,V-,,במקורות ובתוצרים של פרוייקט תיקון סופרים,,,
6,ספרות תנחומא-ילמדנו,1,990001342610205171,,"ספריית ז'נבה, ז'נבה, שווייץ Ms. Comites Latentes 146",תנחומא הנדפס - קושטא,,ויקרא - דברים,V-,,בתוצרים של פרוייקט תיקון סופרים,,,V
7,ספרות תנחומא-ילמדנו,1,990025700870205171,Gen Rab (pp. ** - **) complicated layout,"The National Library of Israel, Jerusalem, Israel Ms. Heb. 24°5977","בראשית רבה, שמות רבה, ויקרא רבה, במדבר רבה, דברים רבה ליברמן",,,V,סינופסיס שלאטר-מיליקובסקי,ויקרא רבה בלבד,"פורמט זהה לספריות הבודליאנה, אוניברסיטת אוקספורד, אוקספורד, אנגליה Ms. Opp. Add. fol. 3",,V
8,ספרות תנחומא-ילמדנו,1,990000449840205171,,"The National Library of Israel, Jerusalem, Israel Ms. Heb. 38°515","בראשית רבה, שמות רבה, ויקרא רבה, במדבר רבה",,,,,,עם חוסרים ושינויים מן הנדפס,"https://www.nli.org.il/he/discover/manuscripts/hebrew-manuscripts/viewerpage?vid=MANUSCRIPTS#d=[[PNX_MANUSCRIPTS990000449840205171-1,FL75484662]]",V
9,ספרות תנחומא-ילמדנו,1,990001278900205171,,"ספריית מדינת בווריה, מינכן, Cod.hebr. 229","איכה רבה, דברים רבה ליברמן",,,,,,,,V
10,מדרשי רבה,1,990000993040205171,,"ספריות הבודליאנה, אוניברסיטת אוקספורד, אוקספורד, אנגליה Ms. Opp. Add. fol. 51","בראשית רבה, שמות רבה, ויקרא רבה, במדבר רבה, דברים רבה",,,,,,,,V
11,ספרות תנחומא-ילמדנו,2,990001322210205171,,"הספרייה הלאומית של צרפת, פריס, צרפת Ms. hebr. 1408",דברים רבה,דברים רבה: ח:א - יא:ח,,,,,,,V
12,ספרות תנחומא-ילמדנו,1,990001289900205171,,"הספרייה הלאומית של צרפת, פריס, צרפת Ms. hebr. 187","שמות רבה, סדר עולם",סדר עולם: קיצור החיבור; דורש עוד השלמות: 'מסכת תמורה' - האם הכוונה למדרש תמורה? מעשה תתורה - האם שווה למעשה תורה לרבינו הקדוש?,,,,,,,
13,ספרות תנחומא-ילמדנו,1,990000851000205171,,"ספריית אנג'ליקה, רומא, איטליה Ms. Or 61","תנחומא הנדפס - קושטא, במדבר רבה, דברים רבה ליברמן","תנחומא הנדפס: דורש עוד בירור; דברים רבה ליברמן - כך ברגמן על פי עפשטיין. במדבר רבה - קרבת נוסח מבהעלותך ואילך, על פי ברגמן. ",,,,,,,V
14,ספרות תנחומא-ילמדנו,1,990001348660205171,,"בניהו, מאיר, ירושלים, ישראל","תנחומא הנדפס - קושטא, במדבר רבה, שמות רבה","תנחומא הנדפס: דורש עוד בירור. ; לפי קטלוג הספרייה הלאומית ולפי שנאן, שמות רבה, עמ' 25, מדובר במדרש רבה לכל התורה.",,,,,,,V
15,ספרות תנחומא-ילמדנו,1,990001176730205171,,"ספריית המכון להיסטוריה יהודית על שם עמנואל רינגלבלום, ורשה, Ms. 257
",במדבר רבה,,המשכו בכי' ניו  יורק 10485,,,,,,
16,ספרות תנחומא-ילמדנו,1,990000880130205171,,"ספריות הבודליאנה, אוניברסיטת אוקספורד, אוקספורד, אנגליה Ms. Hunt. Don. 20",תנחומא הנדפס - קושטא,,,,,,,,V
17,ספרות תנחומא-ילמדנו,1,990000721930205171,,"ספריית פלטינה, פרמה, איטליה Cod. Parm. 3254","תנחומא הנדפס - מנטובה, פסיקתא דרב כהנא, איכה רבה","תנחומא מנטובה - כולל חומרים משותפים, לא זהה. פסיקתא דרב כהנא - חטיבת ההפטרות בלבד.",,,,,,,V
18,ספרות תנחומא-ילמדנו,1,990001393590205171,,"ספריית אוניברסיטת קמברידג', קמברידג', אנגליה Ms. Add. 1212",תנחומא הנדפס - קושטא,תנחומא הנדפס - כולל חומרים ייחודיים;,מסירת היסוד באתר מאגרים,,,,,,V
19,ספרות תנחומא-ילמדנו,1,990000993060205171,,"ספריות הבודליאנה, אוניברסיטת אוקספורד, אוקספורד, אנגליה Ms. Hunt. 74",תנחומא הנדפס - קושטא,"תנחומא הנדפס עם תוספות, חלק נדפסו בידי בובר, חלק בזיקה למנטובה ",,,,,,,V
20,ספרות תנחומא-ילמדנו,1,990001360690205171,,"ספריית אוניברסיטת קולומביה, ניו יורק, ניו יורק, ארצות הברית Ms. X 893 M 5843",תנחומא הנדפס - קושטא,תנחומא הנדפס - בראשית שמות בלבד.,,,,,,,V
21,ספרות תנחומא-ילמדנו,1,990001303340205171,,"ספריית אוניברסיטת ישיבה, ניו יורק, ניו יורק, ארצות הברית Ms. 1372",תנחומא הנדפס - קושטא,"תנחומא הנדפס - בראשית שמות בלבד, חסר מעט בראש ובסוף.",,,,,,,V
22,ספרות תנחומא-ילמדנו,1,990001138880205171,,"ספריית בית המדרש ללימודי יהדות, ניו יורק, ניו יורק, ארצות הברית Ms. 4938",תנחומא הנדפס - קושטא,"תנחומא הנדפס - בראשית שמות בלבד, חלק מהדפים במספר מדף 4918",,,,,,,V
23,ספרות תנחומא-ילמדנו,1,990001138980205171,,"ספריית בית המדרש ללימודי יהדות, ניו יורק, ניו יורק, ארצות הברית Ms. 4918",תנחומא הנדפס - קושטא,"תנחומא הנדפס - בראשית שמות בלבד, חלק מהדפים במספר מדף 4938",,,,,,,V
24,ספרות תנחומא-ילמדנו,1,990001138850205171,,"ספריית בית המדרש ללימודי יהדות, ניו יורק, ניו יורק, ארצות הברית Ms. 4915","תנחומא הנדפס - קושטא, מדרש הגדול",תנחומא הנדפס - בראשית שמות בלבד.,"ייתכן שזה (או כתב יד תימני אחר - לבירור, כולל הבאות ילמדנו מילקוט שמעוני, אולי בעקבות הדפוס)",,,,,,V
25,ספרות תנחומא-ילמדנו,1,990001169470205171,,"ספריות הבודליאנה, אוניברסיטת אוקספורד, אוקספורד, אנגליה Ms. Opp. Add. fol. 66","מדרשים לא מוכרים, תנחומא הנדפס - קושטא","תנחומא הנדפס - בראשית שמות עם חוסרים; מדרשים לא מוכרים - לפחות ויקרא הוכרז על ידי לרנר כמדרש זהו שנאמרה ברוח הקודש, אותו הוא מהדיר.",,,,,,,V
26,ספרות תנחומא-ילמדנו,1,990000880190205171,,"ספריות הבודליאנה, אוניברסיטת אוקספורד, אוקספורד, אנגליה Ms. Opp. 187","תנחומא הנדפס - קושטא, תנחומא בובר","תנחומא הנדפס - בראשית שמות עם חוסרים בתחילה ובסוף, ותוספות רבות המשולבת בתנחומא בובר.",,,,,,,V
27,ילקוטים לא מוכרים,1,990001739790205171,,"הספרייה המרכזית של ציריך, ציריך, שווייץ Ms. Heid. 192","מדרשים לא מוכרים, אנתולוגיות לא מוכרות, מעשה שושנה, מדרש חסרות ויתרות, מדרש ויושע, מעשה תורה לרבינו הקדוש, מדרש עשרת הדברות","בקטלוג איסרלס מתואר כמדרש לא מוכר, בכתיב כפירוש על דרך המדרש",,,,,,,
28,ילקוטים לא מוכרים,2 ?,990001687380205171,,"הספרייה המרכזית של ציריך, ציריך, Ms. Heid. 51","אנתולוגיות לא מוכרות, יצירת הולד",,על פי כתיב לא סרוק. סריקה זמינה באתר e-codices.,,,,,https://www.e-codices.ch/en/searchresult/list/one/zbz/Ms-Heid-0051,
29,ילקוטים לא מוכרים,2 ?,990001348260205171,,"הספרייה המרכזית של ציריך, ציריך, Ms. Or. 157","אנתולוגיות לא מוכרות, חלום מרדכי, מדרש משלי",מדרש משלי - מובאה בלבד. ,,,,,,,
30,מדרשים קטנים,3,990001338100205171,,"ספריית ז'נבה, ז'נבה, Ms. Comites Latentes 145",אותיות דרבי עקיבא,"אותיות דרבי עקיבא - על פי יעל אוקון שונה מהנדפס. הכרך כולל כתבי יד בכתיבות שונות במאות טז-יח, יש לבדוק באיזו כתיבה המדרש.",,,,,,,
31,ספרות תנחומא-ילמדנו,1,990000880140205171,,"ספריות הבודליאנה, אוניברסיטת אוקספורד, אוקספורד, אנגליה Ms. Opp. 20",תנחומא בובר,,,,,,,,V
32,ספרות תנחומא-ילמדנו,1,990000880150205171,,"ספריות הבודליאנה, אוניברסיטת אוקספורד, אוקספורד, אנגליה Ms. Mich. 577","תנחומא בובר, מדרש אבא גוריון (אסתר), אנתולוגיות לא מוכרות","אנתולוגיות לא מוכרות: ששה עמודים של מדרשים על איכה, רות ועוד. ",,,,,,,V
33,ספרות תנחומא-ילמדנו,2,990025892320205171,,"הספרייה הלאומית, ירושלים, ישראל Ms. Heb. 4°811","תנחומא הנדפס - קושטא, ויקרא רבה",תנחומא הנדפס: ויקרא עד דברים,"כתב יד תימני מאוחר, לבדיקה האם מבוסס דפוס. ייתכן שכתה""י נכרך יחד עם ספר מכלל יופי ולכן האחרון מופיע כרשומת האב שלו בקטלוג NLI",,,,,,V
34,ספרות תנחומא-ילמדנו,2,990028164240205171,,"קרופ, מיכאל, ירושלים, Ms. 753",תנחומא הנדפס - קושטא,תנחומא הנדפס: בראשית (מוירא) עד במדבר (חוקת),"כתב יד תימני מאוחר, לבדיקה האם מבוסס דפוס.",,,,,,V
35,ספרות תנחומא-ילמדנו,2,990037772620205171,,"הספרייה הבריטית, לונדון, Or. 10485",תנחומא בובר,תנחומא בובר: לקט מפרשת נשוא,כרך של קטעים מאוסף גאסטר. דפים 7ב-9ב. גניזה. אפשר שיש שיבוש בתצלום בפרידברג שכן דף 7א תלמוד בכתיבה שונה לחלוטין.,,,,,,V
36,ילקוטים,1,990000797850205171,,"ספריית המדינה של רוסיה, מוסקבה, Ms. Guenzburg 512",תלמוד תורה,ילקוט תלמוד תורה: ויקרא,,,,,,,
37,ספרות תנחומא-ילמדנו,2,990000802190205171,,"ספריית המדינה של רוסיה, מוסקבה, Ms. Guenzburg 321",תנחומא הנדפס - קושטא,"תנחומא הנדפס: דפים בודדים עם ליקוט מתנחומא, דורש בירור איזו משפחה.",,,,,,,V
38,ספרות תנחומא-ילמדנו,2,990000450210205171,,"הספרייה הלאומית, ירושלים, ישראל Ms. Heb. 28°555",תנחומא בובר,"תנחומא בובר: קטע מאמצע וילך עד הסוף. טרם נבדק. מדובר ברשומת בן, אך רשומת האב שאליה יש קישור בקטלוג NLI היא רשומת בן נוספת של חיבור נוסף שנמצא באותו הקובץ. צריך לברר מה מספר המערכת של הקובץ כולו.",,,,,,,V
39,מדרשי רבה,1,990001289150205171,,"הספרייה הלאומית של צרפת, פריס, Ms. hebr. 149","בראשית רבה, ויקרא רבה, במדבר רבה, אסתר רבה",במדבר רבה: פרשות א-ה; אסתר רבה: פרשות ג-ד,,,,,,,
40,מדרשי רבה,1,990001209660205171,,"הספרייה הבריטית, לונדון, Add. 27169","בראשית רבה, ויקרא רבה",,,,,,,,
41,מדרשי רבה,1,990001943530205171,,"ספריית הוטיקן, קרית הוטיקן, Ms. ebr. 76","שיר השירים רבה, מדרש משלי, מדרש תהלים",,מה פשר הסימון 76.3 אצל קדרי ? ,,,,,,
42,מדרשי רבה,1,990001986900205171,,"ספריית הוטיקן, קרית הוטיקן, Ms. ebr. 32",ויקרא רבה,,,,,,,,
43,מדרשי רבה,1,990001277710205171,,"ספריית מדינת בווריה, מינכן, גרמניה Cod.hebr. 117","ויקרא רבה, מעשה חנוכה, מעשה יהודית, מעשה שושנה, שמות רבה - חלק ב","כולל גם מכילתא, ומדרש על משלי ג:יט (ילינק, בית המדרש ה' 63 - 67 לבדיקה)",,,,,,,
44,מדרשי רבה,1,990001802430205171,,"מוכר ספרים, ירושלים",ויקרא רבה,,"כך רשום בכתיב, לא ברור היקפו ומהותו של כתב יד זה",,,,,,
45,מדרשי רבה,1,990001380500205171,,"ספריית האוניברסיטה יוהן קרישטין סנקנברג, פרנקפורט דמיין, Ms. Oct. 133",שיר השירים רבה,,"בכתיב נרשמו תחת מספר מדף זה, בנוסף ל 6 חיבורים המנויים ברשומת ה'קובץ' גם קטעי גניזה ואחרים, דורש בירור. ",,,,,,
46,מדרשי רבה,1,990001002220205171,,"ספריית מדינת בווריה, מינכן, Cod.hebr. 50",שיר השירים רבה,,,,,,,,
47,מדרשי רבה,1,990000880400205171,,"ספריות הבודליאנה, אוניברסיטת אוקספורד, אוקספורד, Ms. Arch. Seld. Superius 102","שיר השירים רבה, רות רבה, איכה רבה, אסתר רבה, קהלת רבה, ילקוט שמעוני","שמעוני לכתובים (מנדל, דיסרטציה)","מתוך כתיב: עם הערות בשוליים למדרש שיה""ש (עד פרק ד)",,Bodleian Library MS. Selden Super. 102,,,https://digital.bodleian.ox.ac.uk/objects/3116f846-2f96-4e0d-83da-ae5d0da8b0b0/,
48,מדרשי רבה,1,990000726780205171,,"ספריית פלטינה, פרמה, Cod. Parm. 2342","רות רבה, שיר השירים זוטא, קהלת זוטא, איכה זוטא, רות זוטא, סדר עולם זוטא, אלפא ביתא דבן סירא, תנא דבי אליהו זוטא, דרך ארץ זוטא","קובץ עם הרבה כ""י",בשכטר קטלגו 1542  -טעות סופר. בקובץ גם מדרש זוטא (רות ואיכה),,,,,,
49,מדרשי רבה,1,990001387550205171,,"ספריית אוניברסיטת קמברידג', קמברידג', Ms. Add. 495","איכה רבה, אסתר רבה, רות רבה, מדרשים קטנים - לפני בירור","כולל בסופו גם מדרש 'פטירת משה ז""ל'",,,,,,,
50,מדרשי רבה,1,990000933730205171,,"ספריית הוטיקן, Ms. ebr. 291","קהלת רבה, אסתר רבה","נזכר אצל בית אריה, דוקטורט - יש להשלים את רשימת החיבורים בו","סופרים שונים מתחלפים שעשו מלאכתם יחד (בית אריה, דוקטורט)",,,,,,
51,מדרשי רבה,,990001099920205171,,,"קהלת רבה, מדרש תהלים",,,,,,,,
52,מדרשי רבה,,,,,,,,,,,,,
53,מדרשי רבה,1,990000789450205171,,"ספריית המדינה של רוסיה, מוסקבה, Ms. Guenzburg 936",קהלת רבה,,,,,,,,
54,מדרשי רבה,1,990001300010205171,,"הספרייה הלאומית של צרפת, פריס, Ms. hebr. 821","קהלת רבה, אותיות דרבי עקיבא",,בקובץ ספר הבהיר ועוד חיבורים קבליים,,,,,,
55,מדרשי רבה,1,990000552480205171,,"ספריות הבודליאנה, אוניברסיטת אוקספורד, אוקספורד, Ms. Opp. Add. fol. 3","במדבר רבה, בראשית רבה, שמות רבה, ויקרא רבה, דברים רבה",רשומה מוכפלת. נכתב גם לעיל שורה 5,"כתיב:מפרשה ט""ו (בהעולתך) ואילך משתמש בלשון ""ילמדנו רבינו"" כמו בתנחומא ולא בלשון ""הלכה"" כמו במדרש רבה הנדפס

",,,,,,
56,מדרשי רבה,1,990000851020205171,,"ספריית אנג'ליקה, רומא, Ms. or 61","תנחומא הנדפס - קושטא, במדבר רבה, דברים רבה",,איזה תנחומא?,,,,,,"כפילות ברשימה, לתקן"
57,מדרשי רבה,1,990001265440205171,,"ספריית מדינת בווריה, מינכן, Cod.hebr. 97","בראשית רבה, במדבר רבה",,"רשומה מוכפלת, להלן בשורה 187",,,,,,
58,מדרשי רבה,1,990000726560205171,,"ספריית פלטינה, פרמה, Cod. Parm. 2851","שיר השירים זוטא, קהלת זוטא, מדרש משלי",,,,,,,,
59,מדרשי רבה,1,990001950320205171,,"ספריית בית המדרש ללימודי יהדות, ניו יורק, ניו יורק, Ms. 5043","שיר השירים זוטא, קהלת זוטא, מדרש משלי",,,,,,,,
60,מדרשי רבה,1,990000921090205171,,"ספריות הבודליאנה, אוניברסיטת אוקספורד, אוקספורד, Ms. Opp. 225",קהלת רבה,,בקובץ מדרשים נוספים ופירוש על התורה,,,,,,
61,מדרשי רבה,1,990001513670205171,,"הספרייה הלאומית של רוסיה, סנקט פטרבורג, Ms. EVR I 241",ויקרא רבה,על פי קטלוג NLI כולל גם קטעי בראשית רבה ושוחר טוב,,,,,,,
62,ילקוטים לא מוכרים,1,990000687920205171,,"ספריית פלטינה, פרמה, Cod. Parm. 2295","מדרש שמואל, אותיות דרבי עקיבא, מדרש אבא גוריון (אסתר), מדרש יונה, פרקי דרבי אליעזר",,בקובץ חיבורים נוספים,,,,,,
63,ספרות תנחומא-ילמדנו,1,990000993260205171,,"ספריות הבודליאנה, אוניברסיטת אוקספורד, אוקספורד, Ms. Opp. Add. Oct. 35",אגדת בראשית,,,,,,,,
64,ילקוטים,1,990001923520205171,,"הספרייה הלאומית והאוניברסיטאית של שטרסבורג, שטרסבורג, Ms. 4058","אנתולוגיות לא מוכרות, מדרש הגדול","מגוון כתבי יד בכרך אחד, ראוי למחקר",,,,,,,
65,ילקוטים לא מוכרים,1,990000920510205171,,"ספריות הבודליאנה, אוניברסיטת אוקספורד, אוקספורד, Ms. Mich. 410",אנתולוגיות לא מוכרות,,,,,,,,
66,ילקוטים לא מוכרים,1,990001169200205171,,"ספריות הבודליאנה, אוניברסיטת אוקספורד, אוקספורד, Ms. Opp. Add. Qu. 128","אנתולוגיות לא מוכרות, פסיקתא דרב כהנא, דרך ארץ רבה, דרך ארץ זוטא, ברייתא דר' אלעזר בן יוסי הגלילי","ספר טוביה, חומרים קרובים לבראשית רבתי, מקבץ אגדות לתשעה באב ועוד",,,,,,,
67,ילקוטים לא מוכרים,1,990000612270205171,,"הספרייה הבריטית, לונדון, Or. 1389","אנתולוגיות לא מוכרות, אבות דרבי נתן א","מביא מהתלמוד הבבלי והירושלמי, ממסכתות קטנות, ממדרשי רבה, וכן הרבה מאבות דר' נתן, מדרש תהלים, תנחומא, ערוך ו""פרחון"" מביא גם ממקורות אחרים בין השאר: ""בבריית של שמואל הרמתי"" (20ב), וכן ""תרגם רב יוסף בסוף ספר רות"" (32א), ""בשאילתות דרב אחאי גאון"" (53ב), ""בספר חפץ"" (74ב), ""פסיקתי זוטא"" (97ב, 112ב), ""ובתשובי רב היי'"" (114א), ""מגילת סתרים"" לר' נסים בן יעקב (126ב)

",,,,,,,
69,פסיקתא ומדרשי נך,1,990001394430205171,,"ספריית אוניברסיטת קמברידג', קמברידג', Ms. Add. 1497",פסיקתא דרב כהנא,,,,,,,,
70,פסיקתא ומדרשי נך,1,997012735568305171,,"הספרייה הלאומית, ירושלים, Ms. Heb. 4°9994",פסיקתא דרב כהנא,דרשות יא - טז בלבד,,,,,,,
71,פסיקתא ומדרשי נך,,990001296560205171,,"הספרייה הלאומית של צרפת, פריס, Ms. hebr. 710",פרקי דרבי אליעזר,,,,,,,,
72,ילקוטים לא מוכרים,1,990000993320205171,,"ספריות הבודליאנה, אוניברסיטת אוקספורד, אוקספורד, Ms. Opp. Add. Qu. 127",,,,,,,,,
73,ילקוטים,1,990000430880205171,,"הספרייה הלאומית, ירושלים, Ms. Heb. 8°5557",פתרון תורה,לך לך - וירא בלבד,"מדובר ברשומת בן, אך רשומת האב שאליה יש קישור בקטלוג NLI היא רשומת בן נוספת של חיבור נוסף שנמצא באותו הקובץ. צריך לברר מה מספר המערכת של הקובץ כולו.",,,,,,
74,ילקוטים,2,990000454380205171,,"הספרייה הלאומית, ירושלים, Ms. Heb. 2°2492","אנתולוגיות לא מוכרות, דברים רבה, איכה רבה","קיצורים ומובאות ממדרשי מגילות, לקח טוב, ילקוט שמעוני. חומרים רבים אחרים בעיקר בקבלה. קיצור איכה רבה","על פי מנדל, חומרי איכה רבה בכתב יד זה הם העתקות מדפוס, יש לבדוק את היתר. יש לבדוק גם את מספר המערכת, לכאורה הקובץ מקושר לרשומת אב, אך זו מציינת פריט אחר שהקשר שלו לקובץ אינו ברור.",,,,,,
75,ילקוטים לא מוכרים,1,990001942180205171,,"ספריית אוניברסיטת בר אילן, רמת גן, Ms. 1004","מדרשים קטנים - לפני בירור, אנתולוגיות לא מוכרות",קכ-קכב:מדרשים (בסגנון יתברך?); קנא - רכז: ליקוטי מדרשים ודברי חמכים (הרצף הארוך החשוב לנו); רכז - רלא: מדרש שיר השירים קודש קודשים; רלט - רמב: פרק הדין; רנא - רנג: גן עדן; רנה-רסג: ליקוטים כולל מדרשים; ,דורש בירור והכרעה,,,,,,
76,ילקוטים לא מוכרים,2,990000455740205171,,"הספרייה הלאומית, ירושלים, ישראל Ms. Heb. 28°3182 ","מדרשים קטנים - לפני בירור, אנתולוגיות לא מוכרות","חומרי מדרש פזורים בין חומרים שונים, טיבו לא ברור. ","יש לבדוק את מספר המערכת. הקובץ לכאורה מקושר לרשומת אב, אך זו מציינת פריט אחר שהקשר שלו לקובץ אינו ברור.",,,,,,
77,ילקוטים לא מוכרים,2,990001139100205171,,"ספריית בית המדרש ללימודי יהדות, ניו יורק, ניו יורק, ארצות הברית Ms. 4954",אנתולוגיות לא מוכרות,ילקוט מדרשים לחנוכה,,,,,,,
78,ילקוטים לא מוכרים,2,990000457520205171,,"הספרייה הלאומית, ירושלים, ישראל Ms. Heb. 28°3401","אנתולוגיות לא מוכרות, מדרשים קטנים - לפני בירור",קובץ מעורב. ,"יש לבדוק את מספר המערכת. הקובץ לכאורה מקושר לרשומת אב, אך זו מציינת פריט אחר שהקשר שלו לקובץ אינו ברור.",,,,,,
79,ילקוטים,1,990001092030205171,,"ספריית בית המדרש ללימודי יהדות, ניו יורק, ניו יורק, Ms. 8313",תלמוד תורה,ילקוט תלמוד תורה לבראשית,,,,,,,
80,ילקוטים לא מוכרים,1,990000801610205171,,"ספריית פלטינה, פרמה, Cod. Parm. 2367",אנתולוגיות לא מוכרות,"חשוב במיוחד, בתשתית הילקוט חומר תנחומאי חשוב, כך ציינתי בעבר.",,,,,,,
81,מדרשי רבה,1,990001209670205171,,"הספרייה הבריטית, לונדון, אנגליה Add. 16406","בראשית רבה, מדרשים קטנים - לפני בירור",כולל גם מדרשי תנאים,"רשומה מוכפלת, נכתבה גם להלן בשורה 171",,,,,,
82,ילקוטים לא מוכרים,1,990001209750205171,,"הספרייה הבריטית, לונדון, אנגליה Add. 27292",אנתולוגיות לא מוכרות,ילקוט לא מוכר רחב יריעה. חשוב מאוד.,,,,,,,
83,פסיקתא ומדרשי נך,1,990000880120205171,,"ספריות הבודליאנה, אוניברסיטת אוקספורד, אוקספורד, Ms. Opp. Add. Qu. 79",פסיקתא דרב כהנא,,,,,,,,
84,פסיקתא ומדרשי נך,1,990000936260205171,,"ספריות הבודליאנה, אוניברסיטת אוקספורד, אוקספורד, Ms. Marshall Or. 24","פסיקתא דרב כהנא, בריתא דמלאכת המשכן","כולל גם מדרשי תנאים, ספרא, ספרי ומכילתא דר' ישמעאל",,,,,,,
85,פסיקתא ומדרשי נך,1,990001496490205171,,"ספריית כל ישראל חברים, פריס, Ms. H 47 A",פסיקתא דרב כהנא,,,,,,,,
86,פסיקתא ומדרשי נך,1,990001726470205171,,לקח טוב - לרות וקהלת בלבד. כתב יד ה,"פסיקתא דרב כהנא, פסיקתא רבתי","הרכב פסיקתאות, מתיאורי כתבי היד לא ברור אם ברצף משלב או בנפרד.",,,,,,,V
87,,,,,,,,,,,,,,
88,מדרשי רבה,1,990001726420205171,,"ספריית קזנטנזה, רומא, Ms. 3112","איכה רבה, לקח טוב, מדרש אבא גוריון (אסתר)",לקח טוב - לרות וקהלת בלבד. כתב יד הנל שימש בסיס למהדורת בובר לאבא גוריון,תופעת מאספי פרשנות ו/או מדרש למגילות,,,,,,
89,מדרשי רבה,1,990000806580205171,,"ספריית פלטינה, פרמה, Cod. Parm. 2393","אסתר רבה, איכה רבה",איכה רבה - מקוצר,"השגח בתופעת מאספי פרשנות ו/או מדרש למגילות; כולל גם ראב""ע לקהלת ושיר השירים.",,,,,,
90,מדרשי רבה,1,990001222840205171,,"הספרייה הבריטית, לונדון, Add. 27089","איכה רבה, מדרשים קטנים - לפני בירור",,,,,,,,
91,מדרשי רבה,1,990000869320205171,,"ספריית פלטינה, פרמה, Cod. Parm. 2559",איכה רבה,,,,,,,,
92,,,,,,,,,,,,,,
93,מדרשי רבה,1,990000954420205171,,"ספריית הוטיקן, קרית הוטיקן, Ms. ebr. 470","איכה רבה, מדרש אבא גוריון (אסתר)",,כולל גם פרשנות כתובים אחרים,,,,,,
94,מדרשי רבה,1,990000856870205171,,"הספרייה הלאומית של רוסיה, סנקט פטרבורג, Ms. EVR II A 272/01","איכה רבה, קהלת רבה, אסתר רבה",איכה רבה - קטעים בלבד. אסתר רבה רק חצי.,"גניזה, אך נשמר חלק גדול מכרך, יש לו מצטרפים. {מדובר ברשומת בן, אך רשומת האב שאליה יש קישור בקטלוג NLI היא רשומת בן נוספת של חיבור נוסף שנמצא באותו הקובץ. צריך לברר מה מספר המערכת של הקובץ כולו.}",,,,,,
95,מדרשי רבה,1,990000776370205171,,"ספריית פלטינה, פרמה, Cod. Parm. 2200","בראשית רבה, איכה רבה",בראשית רבה - קטעים בלבד.,בין החומרים הנוספים דרושים.,,,,,,
96,מדרשי רבה,1,990001822660205171,"עד כאן הועבר לדניאל שטוקל לתעתוק, מרץ 2025","הספרייה העירונית של האינטרונטי, סיינה, Ms. XVI.18",איכה רבה,,,,,,,,
97,מדרשים קטנים,1,990000705320205171,,"ספריית פלטינה, פרמה, Cod. Parm. 2294
",מדרשים קטנים - לפני בירור,ספר טוביה ושאר המדרשים הקטנים שבדפוס קושטא 1516 ועוד מדרשים קטנים נוספים. חילופים המצדיקים בירור האם כתב יד עצמאי מהדפוס.,,,,,,,
98,ילקוטים לא מוכרים,1,990000415360205171,,"הספרייה הלאומית, Ms. Heb. 8°2010",אנתולוגיות לא מוכרות,"יש לבדוק את מספר המערכת. הקובץ לכאורה מקושר לרשומת אב, אך זו מציינת פריט אחר שהקשר שלו לקובץ אינו ברור.",פיילוט מחקר אנתולוגיה מבוצע עליו,,,,,,
99,ילקוטים לא מוכרים,1,990001239250205171,,"הספרייה הבריטית, Or. 9959",אנתולוגיות לא מוכרות,,"כנראה הועתק מכתב היד המלא שממנו הגיע הספרייה הלאומית, Ms. Heb. 8°2010 (משה לביא)
",,,,,,
100,,1,990001379760205171,,"ספריית האוניברסיטה יוהן קרישטין סנקנברג, Ms. Oct. 93",מדרש תהלים,,,,,,,,
101,,1,990000424440205171,,"הספרייה הלאומית, Ms. Heb. 8°512",מדרש תהלים,,,,,,,,
102,,1,990001173670205171,,"ספריית המכון להיסטוריה יהודית על שם עמנואל רינגלבלום, Ms. 119",מדרש תהלים,,,,,,,,
103,,1,990001289180205171,,"הספרייה הלאומית של צרפת, Ms. hebr. 152","מדרש תהלים, מדרש משלי",ועוד בקובץ פירושי כתובים ומסכת אבות,,,,,,,
104,,1,990001481550205171,,"הספרייה הלורנציאנית, Ms. Plut.II.13",מדרש תהלים,,,,,,,,
105,,1,990001673900205171,,"ספריית המדינה והאוניברסיטה של המבורג, Cod. hebr. 54",מדרש תהלים,,,,,,,,
106,,1,990001503780205171,,"ספריית כל ישראל חברים, Ms. H 482 A",מדרש תהלים,,,,,,,,
107,ילקוטים לא מוכרים,1,990001810240205171,,"הספריה המלכותית של מנזר אל אסקוריאל, Ms. G-IV-11","מדרש משלי, אנתולוגיות לא מוכרות",,,,,,,,
108,,1,990000856850205171,,"הספרייה הלאומית של רוסיה, Ms. EVR II A 274",מדרש משלי,"יש לבדוק את מספר המערכת. הקובץ לכאורה מקושר לרשומת אב, אך זו מציינת פריט אחר שהקשר שלו לקובץ אינו ברור.",,,,,,,
109,,1,990001289560205171,,"הספרייה הלאומית של צרפת, Ms. hebr. 174",מדרש אבא גוריון (אסתר),,,,,,,,
110,,1,990001209720205171,,"הספרייה הבריטית, Add. 15402",מדרש אבא גוריון (אסתר),,,,,,,,
111,,1,990001496830205171,,"ספריית כל ישראל חברים, Ms. 78",מדרש אבא גוריון (אסתר),,,,,,,,
112,,1,990001787190205171,,"ספריית בית הדין, Ms. 6",מדרש אבא גוריון (אסתר),,,,,,,,
113,,1,990001673380205171,,"ספריית המדינה והאוניברסיטה של המבורג, Cod. hebr. 32",מדרש אבא גוריון (אסתר),,,,,,,,
114,,1,990001727250205171,,"ספריית קזנטנזה, Ms. 2858",פרקי דרבי אליעזר,,,,,,,,
115,,1,990000862660205171,,"ספריית המדינה של רוסיה, Ms. Guenzburg 111","פרקי דרבי אליעזר, מדרש ויושע, מדרש עשרת הדברות",,,,,,,,
116,,1,990002000270205171,,"ספריית בית המדרש ללימודי יהדות, Ms. 10484","פרקי דרבי אליעזר, אבות דרבי נתן א, דרך ארץ זוטא",ליקוט מדרשים קטנים,,,,,,,
117,,1,990025861540205171,,"הספרייה הלאומית, Ms. Heb. 2°1270",פרקי דרבי אליעזר,,,,,,,,
118,,1,990001115120205171,,"ספריית בית המדרש ללימודי יהדות, Ms. 8874",פרקי דרבי אליעזר,,,,,,,,
119,,1,990001057110205171,,"ספריית היברו יוניון קולג', Ms. 75",פרקי דרבי אליעזר,,צולם יחד עם HUC. Ms. 75.1 (990001060090205171),,,,,,
120,,,990000409540205171,,"הספרייה הלאומית, Ms. Yah. Heb. 28",מדרש הגדול,,,,,,,,
121,,,990025880770205171,,"הספרייה הלאומית, Ms. Heb. 4°451",מדרש הגדול,,,,,,,,
122,,,990000446590205171,,"הספרייה הלאומית, Ms. Heb. 4°989",מדרש הגדול,,,,,,,,
123,,,990000423870205171,,"הספרייה הלאומית, Ms. Heb. 8°1321",מדרש הגדול,,,,,,,,
124,,,990000443300205171,,"הספרייה הלאומית, Ms. Heb. 4°459",מדרש הגדול,,,,,,,,
125,,,990000411570205171,,"הספרייה הלאומית, Ms. Yah. Heb. 237",מדרש הגדול,,,,,,,,
126,,,990000411240205171,,"הספרייה הלאומית, Ms. Yah. Heb. 202",מדרש הגדול,,,,,,,,
127,,,990000441450205171,,"הספרייה הלאומית, Ms. Heb. 4°16",מדרש הגדול,,,,,,,,
128,,,990000409510205171,,"הספרייה הלאומית, Ms. Yah. Heb. 25",מדרש הגדול,,,,,,,,
129,,,990000409580205171,,"הספרייה הלאומית, Ms. Yah. Heb. 32",מדרש הגדול,,,,,,,,
130,,,990000423890205171,,"הספרייה הלאומית, Ms. Heb. 8°1324",מדרש הגדול,,,,,,,,
131,,,990000443310205171,,"הספרייה הלאומית, Ms. Heb. 4°460",מדרש הגדול,,,,,,,,
132,,,990000443350205171,,"הספרייה הלאומית, Ms. Heb. 4°464",מדרש הגדול,,,,,,,,
133,,,990000441850205171,,"הספרייה הלאומית, Ms. Heb. 4°59",מדרש הגדול,,,,,,,,
134,,,990000409490205171,,"הספרייה הלאומית, Ms. Yah. Heb. 23",מדרש הגדול,,,,,,,,
135,,,990000443380205171,,"הספרייה הלאומית, Ms. Heb. 4°467",מדרש הגדול,,,,,,,,
136,,,990025861400205171,,"הספרייה הלאומית, Ms. Heb. 3°1326",מדרש הגדול,,,,,,,,
137,,,990025785740205171,,"הספרייה הלאומית, Ms. Heb. 3°3571",מדרש הגדול,,,,,,,,
138,,,990025868900205171,,"הספרייה הלאומית, Ms. Heb. 4°118",מדרש הגדול,,,,,,,,
139,,,990000443420205171,,"הספרייה הלאומית, Ms. Heb. 4°471",מדרש הגדול,,,,,,,,
140,,,990001686380205171,,"ספריית מונטיפיורי, Ms. 41",איכה רבה,קצור מדרש איכה רבתי,,,,,,,
141,,,990000681070205171,,"ספריית הוטיקן, Ms. ebr. 171
",איכה רבה,,,,,,,,
142,,,990001139070205171,,"ספריית בית המדרש ללימודי יהדות, Ms. 4930
",איכה רבה,ילקוט מדרשים על תשעה באב,,,,,,,
143,,,990001053040205171,,"ספריית בית המדרש ללימודי יהדות, Ms. 2590",אסתר רבה,"קובץ עם מספר חיבורים אגדיים סדר סוד העבור, הגדת מגלת אסתר פרוש שיר השירים על דרך האגדה",,,,,,,
144,,,990001942660205171,,"ספריית הוטיקן, Ms. ebr. 96",אסתר רבה,,,,,,,,
145,,,990000620950205171,,"ספריית הוטיקן, Ms. ebr. 290",אסתר רבה,ליקוטי הגדות ופירושי הגדות ופילוסופיה,,,,,,,
146,,,990001912140205171,,"הספרייה של האקדמיה ההונגרית למדעים, Ms. Kaufmann A 167","אסתר רבה, מדרש ויושע",,,,,,,,
147,,,990001239130205171,,"הספרייה הבריטית, Or. 9953",אסתר רבה,"ליקוט גסטר המכיל מסכת כלה, יצירת הולד, דין הקבר, מדרש שקלים, מדרש מגלה, סדר תנאים אמוראים וסבוראים",,,,,,,
148,,,990001099370205171,,"ספריית בית המדרש ללימודי יהדות, Ms. 5502",אסתר רבה,,,,,,,,
149,,,990001662240205171,,"הספרייה הלאומית של רוסיה, Ms. Evr. Antonin B 302",אסתר רבה,מכיל גם קטע מויקרא רבה,,,,,,,
150,,,990001397950205171,,"ספריית אוניברסיטת קמברידג', Ms. Add. 2661",אסתר רבה,"החיבור מכונה בכתב היד: פתשגן הכתב אשר מורכב מלקוטים ממדרשים שונים, מדרש רבא, אבא גוריון, פנים אחרות וכו' ",ישנה בעייתיות מה בקטלוג מדרשי אסתר בשל ריבוי הגרסאות וכינוייהן,,,,,,
151,,,990001349710205171,,לא ידוע היכן נמצא,,ליקוטים לרנר מעיר שדומה לשמעוני לרות ,,,,,,,
152,,,990000706790205171,,"ספריית פלטינה, Cod. Parm. 2864
","רות רבה, מדרש תהלים","כולל באורי ידעיה הפניני
 על מדרשי רבה על התורה, תנחומא, ספרי, פרקי ר' אליעזר ""מדרש נחמות"" מתוך פסיקתא דרב כהנא ומדרש תלים מדרש רבה על רות",,,,,,,
153,,,990000792590205171,,"הספרייה הלאומית של רוסיה, Ms. EVR I 60","לקח טוב, רות רבה",,,,,,,,
154,,,990001219290205171,,"הספרייה הבריטית, Add. 19787",ילקוט שמעוני,קטע לרות וילקוט של חיבורים מימי הביניים,,,,,,,
155,,,990000639180205171,,"הספרייה הלאומית של צרפת, Ms. hebr. 716","מדרש ויושע, דרך ארץ זוטא, מדרש עשרת הדברות, אנתולוגיות לא מוכרות",ילקוט לא מוכר,,,,,,,
156,,,990001635260205171,,"ספריות הבודליאנה, אוניברסיטת אוקספורד, Ms. heb. e. 47. 43,Ms. heb. e. 47. 44,Ms. heb. e. 47. 45,Ms. heb. e. 47. 46,Ms. heb. e. 47. 47,Ms. heb. e. 47. 48",רות זוטא,סדרת קטעי גניזה מסדרה זו של 47,,,,,,,
157,,,990001431890205171,,"הספרייה הלאומית של רוסיה, Ms. EVR II A 161/10",רות זוטא,,,,,,,,
158,מדרשי רבה,1,990001138900205171,,"ספריית בית המדרש ללימודי יהדות, Ms. 5014","בראשית רבה, שמות רבה",,,,,,,,
159,,,990000852210205171,,"הספרייה הלאומית של רוסיה, Ms. EVR II A 543",מדרש משלי,,,,,,,,
160,,,990001296910205171,,"הספרייה הלאומית של צרפת, Ms. hebr. 719","מדרש משלי, אסתר רבה","קובץ מעניין של חיבורי פילוסופיה מראשית ימי הביניים לצד אוסף החיבורים, לקוטים ממדרש משלי וממדרש על אסתר נוסף על לך קובץ מדרשים שבאוצר מדרשים, כמסכת גיהנם, חבוט הקבר, משכן העדות, מעשה תורה לרבינו הקדוש.",,,,,,,
161,,,990001139550205171,,"ספריית בית המדרש ללימודי יהדות, Ms. 5042",מדרש משלי,,,,,,,,
162,,,990001062260205171,,"ספריית היברו יוניון קולג', Ms. 35","מדרש משלי, מדרש שמואל","חדושים על המדרש : על מדרש רבה, מכילתא, מדרש שמואל, מדרש משלי וספרי מאת יהודה נתן פרובינצל. כמו כן בקובץ חידושים על המקרא והתלמוד",,,,,,,
163,,,990001667770205171,,"הספרייה הלאומית של רוסיה, Ms. Evr. Antonin B 927",שיר השירים זוטא,,,,,,,,
164,,,990000827330205171,,"הספרייה הלאומית של רוסיה, Ms. EVR I 21",רות זוטא,פירוש למקרא בו מובצים ילקוטים ממדרשים שונים,,,,,,,
165,ספרות תנחומא-ילמדנו,,990000993270205171,,"ספריות הבודליאנה, אוניברסיטת אוקספורד, Ms. Opp. Add. Oct. 35",אגדת בראשית,,,,,,,,
166,ספרות תנחומא-ילמדנו,,990001028270205171,,"ספריית בית המדרש ללימודי יהדות, Ms. 1015",אגדת בראשית,,,,,,,,
167,מדרשי רבה,,990000907030205171,,"הספרייה הלאומית של רוסיה, Ms. Evr. Antonin B 958",בראשית רבה,,,,,,,,
168,מדרשי רבה,,990053956350205171,,"הספרייה במרכז הרברט ד. כץ ללימודי יהדות מתקדמים, אוניברסיטת פנסילבניה, Ms. Genizah E 16507",בראשית רבה,,,,,,,,
169,מדרשי רבה,,990001250090205171,,"ספריית הוטיקן, Ms. ebr. 60",בראשית רבה,,,,,,,,
170,מדרשי רבה,,990001285640205171,,"ספריית הוטיקן, Ms. ebr. 30",בראשית רבה,,,,,,,,
171,מדרשי רבה,,990001209680205171,,"הספרייה הבריטית, Add. 16406",בראשית רבה,,,,,,,,
172,מדרשי רבה,,990032537510205171,,"ארכיון המדינה של פרמה, Ms. 4953",בראשית רבה,פירוש לבראשית רבה,דפים בודדים,,,,,,
173,מדרשי רבה,,990032547740205171,,"ארכיון המדינה של פרמה, Ms. 5235",בראשית רבה,פירוש לבראשית רבה,דפים בודדים,,,,,,
174,,,990038064800205171,,"ספריית כל ישראל חברים, Ms. II A 131",,מדרש לא מזוהה על בראשית מו,דפים בודדים,,,,,,
175,מדרשי רבה,,990000556470205171,,"הארכיון העירוני של פרנקפורט, Arch. Hand. I 1355",בראשית רבה,,דפים בודדים,,,,,,
176,מדרשי רבה,,990001808510205171,,"ספריית האוניברסיטה על שם יגילונסקי, Ms. Fr. 17",בראשית רבה,,דפים בודדים,,,,,,
177,מדרשי רבה,,990000897980205171,,"הספרייה הלאומית של רוסיה, Ms. Evr. Antonin B 268",בראשית רבה,,דפים בודדים,,,,,,
178,מדרשי רבה,,990000906240205171,,"הספרייה הלאומית של רוסיה, Ms. Evr. Antonin B 901",בראשית רבה,,דפים בודדים,,,,,,
179,מדרשי רבה,,990001420260205171,,"ספריית אוניברסיטת קמברידג', Ms. T-S NS 329.544",בראשית רבה,,,,,,,,
180,מדרשי רבה,,990000466250205171,,"הספרייה הלאומית, Ms. Heb. 2°6990",בראשית רבה,"פרוש מדרש בראשית רבה רש""י",,,,,,,
181,מדרשי רבה,,990001920620205171,,"ספריית מדינת וירטמברג, שטוטגרט, Ms. Cod. Or. Qu. 32",בראשית רבה,,,,,,,,
182,מדרשי רבה,,990000695150205171,,"ספריית פלטינה, Cod. Parm. 3175",בראשית רבה,ילקוט מדרש לספר בראשית,,,,,,,
183,מדרשי רבה,,990001360680205171,,"ספריית אוניברסיטת קולומביה, Ms. X 893 M 584",בראשית רבה,,,,,,,,
184,מדרשי רבה,,990000776390205171,,"ספריית פלטינה, Cod. Parm. 2200",בראשית רבה,ילקוט?,,,,,,,
185,מדרשי רבה,,990001784560205171,,"הקהילה היהודית של מנטובה, Ms. ebr. 37","בראשית רבה, ויקרא רבה",פירוש,,,,,,,
186,מדרשי רבה,,990001381810205171,,"ספריית האוניברסיטה יוהן קרישטין סנקנברג, Ms. Oct. 200",בראשית רבה,"חדושים על מדרשים על התורה
",,,,,,,
187,מדרשי רבה,,990001265450205171,,"ספריית מדינת בווריה, Cod.hebr. 97",בראשית רבה,"חסר בתחלה עד פרק א, וכן חסר בסוף ח עד סוף ט אלבק מציין ש""הכ""י משובש מאד""",,,,,,,
188,ילקוטים לא מוכרים,,990001817950205171,,"ספריית אוניברסיטת ליידן, Ms. Or. 4779",בראשית רבה,ילקוט? מאת ישועה בן יהודה,,,,,,,
189,מדרשי רבה,,990000552500205171,,"ספריות הבודליאנה, אוניברסיטת אוקספורד, Ms. Opp. Add. fol. 3","בראשית רבה, שמות רבה, ויקרא רבה, במדבר רבה, דברים רבה",רשומה מוכפלת,,,,,,,
190,מדרשי רבה,,990001290050205171,,"הספרייה הלאומית של צרפת, Ms. hebr. 187",שמות רבה,https://gallica.bnf.fr/ark:/12148/btv1b105399851/f1.item,ילקוט מעניין של ספרים ומדרשים.,,Bibliothèque nationale de France. Département des Manuscrits. Hébreu 187,,,,
191,ילקוטים לא מוכרים,,990001247950205171,,"הספרייה הבריטית, Or. 10429","אבות דרבי נתן א, פרקי דרבי אליעזר",ילקוט קצר ,,,,,,,
192,ילקוטים לא מוכרים,,990000722960205171,,"ספריית פלטינה, Cod. Parm. 2785","אבות דרבי נתן ב, מסכתות קטנות",קובץ מדרשים איזוטריים וילקוט כתבי גאונים וראשונים,,,,,,,
193,מדרשים קטנים,,990001119090205171,,"ספריית בית המדרש ללימודי יהדות, Ms. 5848",אבות דרבי נתן א,,,,,,,,
194,ילקוטים לא מוכרים,,990001137120205171,,"ספריית בית המדרש ללימודי יהדות, Ms. 5818","אבות דרבי נתן א, דרך ארץ זוטא",,,,,,,,
195,ילקוטים לא מוכרים,,990000808990205171,,"הספרייה הלאומית של רוסיה, Ms. EVR I 272","מדרש אבא גוריון (אסתר), אלפא ביתא דבן סירא, מעשה תורה לרבינו הקדוש","ילקוט מעניין הכולל חיבורים מגוונים, תולדות ישו, משלי סנדבר
אלדד הדני ועוד חיבורים יהודיים ימי ביניים",,,,,,,
196,,,990001169610205171,,"הספרייה הלאומית של צרפת, Ms. hebr. 1467",מדרש אבא גוריון (אסתר),"כולל דרשות הגמרא על אסתר ופירושי רש""י לתלמוד שם לצד פירושים נוספים למגילת אסתר כ""כ ליקוטים מפענח רזא.",,,,,,,
197,,,990001883510205171,,"ספריית אוניברסיטת קמברידג', Ms. Mm. 6.26.2",מדרש אבא גוריון (אסתר),,,,,,,,
198,,,990000662830205171,,"ספריות הבודליאנה, אוניברסיטת אוקספורד, Ms. Opp. 128",מדרש אבא גוריון (אסתר),,,,,,,,
199,,,990001957600205171,,"הספרייה הלאומית של רוסיה, Ms. EVR I 246",מדרש אבא גוריון (אסתר),,,,,,,,
200,ילקוטים לא מוכרים,,990001352400205171,,"הספרייה של האקדמיה ההונגרית למדעים, Ms. Kaufmann A 291",מדרש אבא גוריון (אסתר),"הקובץ הנ""ל כולל הרבה חיבורים מימי הביניים. החיבור 'רשימה של דמויות מקראיות' מתייחס לאבא גוריון ולמדרש אסתר רבה  ותוארם. תואר בידי אלבוים ולרנר",,,,,,,
201,ילקוטים לא מוכרים,,990000573820205171,,"ספריות הבודליאנה, אוניברסיטת אוקספורד, Ms. heb. d. 11","מדרש פנים אחרת נוסח ב (אסתר), איכה רבה, מסכתות קטנות, פרקי דרבי אליעזר, מעשה יהודית, אלפא ביתא דבן סירא","בקובץ הנ""ל אוסף חיבורים רבים לרבות ספר הזכרונות שתואר בידי יסיף כחיבור שנערך מתוך הכרוניקה של ירחמיאל, לחיבור הנ""ל זיקה לאסתר מדרש אחר, לרנר.",נויבאואר 2797,,,,,,
202,ילקוטים לא מוכרים,,990000574970205171,,"ספריות הבודליאנה, אוניברסיטת אוקספורד, Ms. Opp. 712",מסכתות קטנות,כולל חיבורים בנושא פילוסופיה וקבלה,,,,,,,
203,,,990001634010205171,,"ספריות הבודליאנה, אוניברסיטת אוקספורד, Ms. heb. d. 17",תלמוד תורה,במדבר ודברים,,,,,,,
204,,,990001193710205171,,לא ידוע היכן נמצא,תלמוד תורה,,,,,,,,
205,,,997008370765305171,,"ספריית אוניברסיטת ישיבה, Ms. 706",תלמוד תורה,במדבר ודברים,,,,,,,
206,,,990000639470205171,,"ספריית אוניברסיטת ישיבה, Ms. 1373",תלמוד תורה,בראשית,,,,,,,
207,,,990001943560205171,,"ספריית הוטיקן, Ms. ebr. 76",מדרש משלי,,,,,,,,
208,,,990001986960205171,,"ספריית הוטיקן, Ms. ebr. 92",מדרש משלי,,,,,,,,
209,,,990000613580205171,,"ספריית בית המדרש ללימודי יהדות, Ms. 3847","פרקי דרבי אליעזר, אנתולוגיות לא מוכרות, מדרש עשרת הדברות, אלפא ביתא דבן סירא",,,,,,,,
210,,,990001176180205171,,"ספריית המכון להיסטוריה יהודית על שם עמנואל רינגלבלום, Ms. 240",פרקי דרבי אליעזר,,,,,,,,
211,,,990000888840205171,,"ספריות הבודליאנה, אוניברסיטת אוקספורד, Ms. Opp. 247",אבות דרבי נתן א,,,,,,,,
212,,,990001978600205171,,"ספריות הבודליאנה, אוניברסיטת אוקספורד, Ms. heb. b. 6
",ילקוט שמעוני,"כ""י היחיד השלם פרט ליתרו מרמז רע- רפב, משפטים שנא-שסב ותרומה שסח עד ויקרא תסט",,,,,3 הראשונים הם המקורות למהדורת מוסד הרב קוק,,
213,,,990000880430205171,,"ספריות הבודליאנה, אוניברסיטת אוקספורד, אוקספורד, Ms. Arch. Seld. Superius 102",ילקוט שמעוני,"שמעוני לכתובים (מנדל, דיסרטציה)","מתוך כתיב: עם הערות בשוליים למדרש שיה""ש (עד פרק ד)",,,,צריך לעשות מיפוי של נביאים כתובים של שמעוני,,
214,,,990000854320205171,,"ספריית פלטינה, Cod. Parm. 2401","ילקוט שמעוני, ילקוט מכירי","לספרים הושע, יואל, עמוס, עובדיה, יונה, מיכה ונחום המדרש הוא ילקוט המכירי.",,,,,,,
215,,,990001675790205171,,"ספריית המדינה והאוניברסיטה של המבורג, Cod. hebr. 81",ילקוט שמעוני,מתחיל מאמצע ספר יואל עד תחלת ספר עמוס מכיל יותר מהנדפס,,,,,,,
216,,,990000461410205171,,"הספרייה הלאומית, Ms. Heb. 4°5767",פתרון תורה,,,,,,,,
217,,,990000933830205171,,"ספריית הוטיקן, Ms. ebr. 291",ילקוט מכירי,"ילקוט המכירי על הושע, בלתי שלם, מפרק א:ט עד יד:א",,,,,,,
218,,,990001884270205171,,"ספריית אוניברסיטת ליידן, Ms. Or. 4724",ילקוט מכירי,"כ""י יחידי לילקוט לספר ישעיה. חסר באמצעיתו ובסופו (מפרק סג:ב)",,,,,,,
219,,,990000689230205171,,"ספריית פלטינה, Cod. Parm. 2298",ילקוט מכירי,"קטע ממדרש המכירי על הולדת דוד, פרק קיט, מהדורת ש' באבער",,,,,,,
220,,,990001118110205171,,"ספריית בית המדרש ללימודי יהדות, Ms. 4968",ילקוט מכירי,ילקוט המכירי (תהלים),,,,,,,
221,,,990001118120205171,,"ספריית בית המדרש ללימודי יהדות, Ms. 4959",ילקוט מכירי,ילקוט המכירי (משלי),,,,,,,
222,,,990001239260205171,,"הספרייה הבריטית, Or. 9960",ילקוט מכירי,ילקוט המכירי (תהלים),,,,,,,
223,,,990000419140205171,,"הספרייה הלאומית, Ms. Heb. 8°1774",ילקוט מכירי,ילקוט המכירי (משלי),,,,,,,
224,,,990001581460205171,,"הספרייה הלאומית המרכזית של פירנצה, Ms. Magl. III.35",לקח טוב,בראשית-ויקרא,,,,,,,
225,,,990051099620205171,,"ספריית אוניברסיטת קמברידג', Ms. T-S NS 254.79",לקח טוב,"קהלת, הקדמה",,,,,,,
226,,,990001197380205171,,"ספריית בית המדרש ללימודי יהדות, Ms. 4362",לקח טוב,רות א:א-ב:א,,,,,,,
227,,,990001026790205171,,"ספריית בית המדרש ללימודי יהדות, Ms. 948",לקח טוב,"שמות, קטעים",,,,,,,
228,,,990000682860205171,,"ספריית בית המדרש ללימודי יהדות, Ms. 1609",לקח טוב,"שה""ש, רות, לקוטים",,,,,,,
229,,,990053612990205171,,"ספריית בית המדרש ללימודי יהדות, Ms. Lutzki 821a, fol. 1",לקח טוב,,,,,,,,
230,,,990053613000205171,,"ספריית בית המדרש ללימודי יהדות, Ms. Lutzki 821a, fol. 2",לקח טוב,,,,,,,,
231,,,990053613010205171,,"ספריית בית המדרש ללימודי יהדות, Ms. Lutzki 821a, fol. 3",לקח טוב,שמות,,,,,"האם לספור בתור שמעוני, לקח טוב, אחר?",,
232,,,990053613020205171,,"ספריית בית המדרש ללימודי יהדות, Ms. Lutzki 821a, fol. 4",לקח טוב,,,,,,,,
233,,,990001026830205171,,"ספריית בית המדרש ללימודי יהדות, Ms. 950",לקח טוב,"כולל משמות כא:ג עד דברים לב:מז, וחסר מפרשת פנחס (178), משם ואילך הכתחבה אחרת,פרשות כי תבוא-נצבים",,,,,,,
234,,,990001197190205171,,"ספריית בית המדרש ללימודי יהדות, Ms. 4946","לקח טוב, אנתולוגיות לא מוכרות",,,,,,,,
235,,,990001139190205171,,"ספריית בית המדרש ללימודי יהדות, Ms. 4950a",לקח טוב,,,,,,,,
236,,,990053629570205171,,"ספריות הבודליאנה, אוניברסיטת אוקספורד, Ms. heb. d. 68.40",לקח טוב,קטעים משמות,,,,,,,
237,,,997007962882005171,,"הספרייה הלאומית, Ms. Heb. 4°9463.5",לקח טוב,בראשית א:א; שמות כא:כב,,,,,,,
238,,,997013035474005171,,"הספרייה הלאומית, Ms. Heb. 4°11212",לקח טוב,ויגש - ויחי,,,,,,,
239,,,990000880380205171,,"ספריות הבודליאנה, אוניברסיטת אוקספורד, Ms. Hunt. 397",לקח טוב,מאמצע פרשת וארא עד תחילת פקודי,,,,,,,
240,,,990001289600205171,,"הספרייה הלאומית של צרפת, Ms. hebr. 174",לקח טוב,איכה,,,,,,,
241,,,990001289570205171,,"הספרייה הלאומית של צרפת, Ms. hebr. 174",לקח טוב,קהלת,"כה""י שימש ככל הנראה את בובר במהדורתו למדרש לקח טוב לספר שמות (ווילנא, 1884) ואולם הוא כולל שינויי נוסח שאינם מובאים בדפוס. ראה בהקדמתו דף 10",,,,,,
242,,,990000865030205171,,"הספרייה הלאומית של רוסיה, Ms. EVR II A 331",לקח טוב,שמות,,,,,,,
243,,,990001056470205171,,"ספריית היברו יוניון קולג', Ms. 54",לקח טוב,ויקרא,,,,,,,
244,,,990000776820205171,,"הספרייה הלאומית של רוסיה, Ms. EVR I 245",לקח טוב,מתחיל משמות,,,,,,,
245,,,990000767630205171,,"ספריית המדינה של רוסיה, Ms. Guenzburg 510",לקח טוב,"קהלת, איכה, רות ושיה""ש (עד ז:ה)",,,,,,,
246,,,990001634000205171,,"ספריות הבודליאנה, אוניברסיטת אוקספורד, Ms. heb. d. 53",לקח טוב,בראשית - שמות,,,,,,,
247,,,990000579030205171,,"ספריית מדינת בווריה, Cod.hebr. 77",לקח טוב,"מגלות, תהלים",,,,,,,
248,,,990001817530205171,,"ספריית אוניברסיטת ליידן, Ms. Or. 4769",לקח טוב,"בראשית-שמות, קטעים",,,,,,,
249,,,990000687910205171,,"ספריית פלטינה, Cod. Parm. 2879",לקח טוב,מגלות,,,,,,,
250,,,990001385530205171,,"ספריית אוניברסיטת קמברידג', Ms. Add. 378, 1",לקח טוב,מגלות,,,,,,,
251,,,990001206700205171,,"הספרייה הבריטית, Harley 269",לקח טוב,רות,,,,,,,
252,,,990000882310205171,,"ספריות הבודליאנה, אוניברסיטת אוקספורד, Ms. Laud. Or. 101",לקח טוב,מגלות,,,,,,,
253,,,990001171900205171,,"ספריית המכון להיסטוריה יהודית על שם עמנואל רינגלבלום, Ms. 30",לקח טוב,מגלות,,,,,,,
254,,,990001026810205171,,"ספריית בית המדרש ללימודי יהדות, Ms. 949",לקח טוב,"בראשית-שמות, קטעים","כ""י תמני מהמאה ה-12",,,,,,
255,,,990001121750205171,,"ספריית בית המדרש ללימודי יהדות, Ms. 6074",מדרש הגדול,שמות,"דף 223 מכיל קטע מאוחר מכ""י של מדרש הגדול (מפרשת כי תשא) דף 222 צריך להיות כרוך בראש כה""י",,,,,,
256,,,990001121670205171,,"ספריית בית המדרש ללימודי יהדות, Ms. 6071",מדרש הגדול,בראשית,,,,,,,
257,,,990001121820205171,,"ספריית בית המדרש ללימודי יהדות, Ms. 6303",מדרש הגדול,שמות משפטים,,,,,,,
258,,,990001121830205171,,"ספריית בית המדרש ללימודי יהדות, Ms. 6304",מדרש הגדול,שמות עד יתרו,דפים אחדים נכרכו בבלבול,,,,,,
259,,,990031483530205171,,"ספריית בית המדרש ללימודי יהדות, Ms. 10464",מדרש הגדול,"דברים, קטעים",,,,,,,
260,,,990001122030205171,,"ספריית בית המדרש ללימודי יהדות, Ms. 6089",מדרש הגדול,"דברים, מאמצע ואתחנן עד קרוב לסוף האזינו",,,,,,,
261,,,990000409700205171,,"הספרייה הלאומית, Ms. Yah. Heb. 44",מדרש הגדול,ויקרא,שתי כתיבות (שתי מהדורות חיבורים?),,,,,,
262,,,990000409560205171,,"הספרייה הלאומית, Ms. Yah. Heb. 30",מדרש הגדול,בראשית,,,,,,,
263,,,990001121640205171,,"ספריית בית המדרש ללימודי יהדות, Ms. 6068",מדרש הגדול,בראשית,,,,,,,
264,,,990001121880205171,,"ספריית בית המדרש ללימודי יהדות, Ms. 6080",מדרש הגדול,במדבר,,,,,,,
265,,,990039343650205171,,"ספריית בית המדרש ללימודי יהדות, Ms. 7237",מדרש הגדול,דברים,,,,,,,
266,,,990001121860205171,,"ספריית בית המדרש ללימודי יהדות, Ms. 6079",מדרש הגדול,במדבר,"דפים 1-15 (אמצע פרשת נשא) הושלמו בקטעים מכ""י אחרים. דפים אחרים הושלמו בכתיבה מאוחרת מאד. בסוף כה""י נכרכו דפים מכתבי-יד אחרים ובהם קטעים מפרשיות במדבר-נשא (243א-246ב)",,,,,,
267,,,990000563720205171,,"בניהו, מאיר, Ms. T 410",מדרש הגדול,שמות,,,,,,,
268,,,990001121660205171,,"ספריית בית המדרש ללימודי יהדות, Ms. 6070",מדרש הגדול,בראשית,,,,,,,
269,,,990001138860205171,,"ספריית בית המדרש ללימודי יהדות, Ms. 4915",מדרש הגדול,"דברים, קטעים",,,,,,,
270,,,990001122050205171,,"ספריית בית המדרש ללימודי יהדות, Ms. 6091",מדרש הגדול,דברים,,,,,,,
271,,,990000914690205171,,"ספריית בית המדרש ללימודי יהדות, Ms. 9783",מדרש הגדול,ויקרא,,,,,,,
272,,,990001416340205171,,"ספריית קזנטנזה, רומא, Ms. 3158",פרקי דרבי אליעזר,"קובץ, כולל גם חיבורים בקבלה וספר זרובבל",,,,,,,
273,,,990001282780205171,,"ספריית מדינת בווריה, Cod.hebr. 356","פרקי דרבי אליעזר, קהלת רבה",,,,,,,,
274,,,990000852200205171,,"הספרייה הלאומית של רוסיה, Ms. EVR II A 582",פרקי דרבי אליעזר,"יש לבדוק את מספר המערכת. הקובץ לכאורה מקושר לרשומת אב, אך זו מציינת פריט אחר שהקשר שלו לקובץ אינו ברור. ע""פ א' טריטל אין מדובר בקטעים שמקורם בגניזה.",,,,,,,
275,,,990001436250205171,,"הספרייה הלאומית של רוסיה, Ms. EVR II A 275",פרקי דרבי אליעזר,"יש לבדוק את מספר המערכת. הקובץ לכאורה מקושר לרשומת אב, אך זו מציינת פריט אחר שהקשר שלו לקובץ אינו ברור. ע""פ א' טריטל אין מדובר בקטעים שמקורם בגניזה.",,,,,,,
276,,,990001439740205171,,"הספרייה הלאומית של רוסיה, Ms. EVR II A 493",פרקי דרבי אליעזר,"יש לבדוק את מספר המערכת. הקובץ לכאורה מקושר לרשומת אב, אך זו מציינת פריט אחר שהקשר שלו לקובץ אינו ברור. ע""פ א' טריטל אין מדובר בקטעים שמקורם בגניזה.",,,,,,,
277,,,990001438470205171,,"הספרייה הלאומית של רוסיה, Ms. EVR II A 411.1",פרקי דרבי אליעזר,"יש לבדוק את מספר המערכת. הקובץ לכאורה מקושר לרשומת אב, אך זו מציינת פריט אחר שהקשר שלו לקובץ אינו ברור. ע""פ א' טריטל אין מדובר בקטעים שמקורם בגניזה.",,,,,,,
278,,,990000850810205171,,"הספרייה הלאומית של רוסיה, Ms. EVR II A 374",פרקי דרבי אליעזר,"יש לבדוק את מספר המערכת. הקובץ לכאורה מקושר לרשומת אב, אך זו מציינת פריט אחר שהקשר שלו לקובץ אינו ברור. ע""פ א' טריטל אין מדובר בקטעים שמקורם בגניזה.",,,,,,,
279,,,990000775080205171,,"הספרייה הלאומית של רוסיה, Ms. EVR I 249",פרקי דרבי אליעזר,"ע""פ א' טריטל אין מדובר בקטעים שמקורם בגניזה.",,,,,,,
280,,,990000864830205171,,"ספריית פלטינה, Cod. Parm. 2454",פרקי דרבי אליעזר,,,,,,,,
281,,,990001376730205171,,"ספריית קזנטנזה, Ms. 3061",פרקי דרבי אליעזר,,,,,,,,
282,,,990000824410205171,,"ארכיון המדינה של מודינה, Ms. 2",פרקי דרבי אליעזר,"יש לבדוק את מספר המערכת. הקובץ לכאורה מקושר לרשומת אב, אך זו מציינת פריט אחר שהקשר שלו לקובץ אינו ברור.",,,,,,,
283,,,990000772620205171,,"ספריית המדינה של רוסיה, Ms. Guenzburg 1455",פרקי דרבי אליעזר,,,,,,,,
284,,,990001011860205171,,"הספרייה הלאומית, Ms. Heb. 2°10617",פרקי דרבי אליעזר,רישום קודם: ניו יורק אוסף להמן 300 (כך נרשם אצל טריטל),,,,,,,
285,,,990001637690205171,,"ספריות הבודליאנה, אוניברסיטת אוקספורד,  קאוולי 2780",פרקי דרבי אליעזר,"יש לבדוק את מספר המערכת. הקובץ לכאורה מקושר לרשומת אב, אך זו מציינת פריט אחר שהקשר שלו לקובץ אינו ברור. ע""פ א' טריטל אין מדובר בקטעים שמקורם בגניזה.",,,,,,,
286,,,990000996000205171,,"ספריות הבודליאנה, אוניברסיטת אוקספורד, Ms. Opp. Add. Qu. 167",פרקי דרבי אליעזר,רישום קודם: אוקספורד נויבאואר 2495 (כך נרשם אצל טריטל),,,,,,,
287,,,990001951990205171,,"ספריית בית המדרש ללימודי יהדות, Ms. 4925",פרקי דרבי אליעזר,רישום קודם: ברומר RAB. 1664 (כך נרשם אצל טריטל),"קובץ, כולל גם את 'אגדתא דמגילה', לברר מה זה בדיוק",,,,,,
288,,,990001951970205171,,"ספריית בית המדרש ללימודי יהדות, Ms. 4927",פרקי דרבי אליעזר,רישום קודם: ברומר RAB. 1657 (כך נרשם אצל טריטל),,,,,,,
289,,,990001273690205171,,"ספריית היברו יוניון קולג', Ms. 2043",פרקי דרבי אליעזר,,,,,,,,
290,,,990001324770205171,,"ששון, דוד בן סלימאן, Ms. 944",פרקי דרבי אליעזר,,"ע""פ טריטל מוטלא מן הדפוס",,,,,,
291,,,990001421840205171,,"ספריית אוניברסיטת קמברידג', Ms. T-S NS 331",פרקי דרבי אליעזר,"ע""פ א' טריטל אין מדובר בקטע שמקורו בגניזה.",,,,,,,
292,,,990001209710205171,,"הספרייה הבריטית, Harley 5704",ילקוט מכירי,תרי עשר,,,,,,,
293,,,990001950460205171,,"ספריית בית המדרש ללימודי יהדות, Ms. 5031",ילקוט מכירי,מיכה,,,,,,,
294,,,990001634040205171,,"ספריות הבודליאנה, אוניברסיטת אוקספורד, Ms. heb. c. 22",מדרש אגדה (בובר),,,,,,,,
295,,,990001195010205171,,לא ידוע היכן נמצא,מדרשי ר' שמואל מסנות,מדרש ר' שמואל מסנות לבראשית,,,,,,,
296,,,990000675400205171,,"ספריית בית המדרש ללימודי יהדות, Ms. 4979",מדרשי ר' שמואל מסנות,מדרש ר' שמואל מסנות לבמדבר,,,,,,,
297,,,990001625050205171,,"ספריות הבודליאנה, אוניברסיטת אוקספורד, Ms. Hunt. 147",מדרשי ר' שמואל מסנות,מדרש ר' שמואל מסנות לויקרא,,,,,,,
298,,,990000879790205171,,"ספריות הבודליאנה, אוניברסיטת אוקספורד, Ms. Hunt. 72",מדרשי ר' שמואל מסנות,"מדרש ר' שמואל מסנות לאיוב, מעין גנים",,,,,,,
299,,,990001581230205171,,"ספריית הוטיקן, Ms. ebr. 97",מדרשי ר' שמואל מסנות,"מדרש ר' שמואל מסנות דברי הימים, דניאל, עזרא-נחמיה",,,,,,,
300,,,990000673980205171,,"מכון שוקן למחקר היהדות, Ms. 2057",מדרשי ר' שמואל מסנות,מדרש ר' שמואל מסנות קטעי מדרש מפוזרים,,,,,,,
,,,990001178680205171,,"ספריית המכון להיסטוריה יהודית על שם עמנואל רינגלבלום, Ms. 374","מדרש עשרת הדברות, מדרש ויושע, מעשה תורה לרבינו הקדוש, אנתולוגיות לא מוכרות",,,,,,,,
,,,990001705420205171,,"ספריית הוטיקן, Ms. ebr. 285","מדרש עשרת הדברות, מדרש ויושע, מעשה תורה לרבינו הקדוש, אנתולוגיות לא מוכרות","החבורים במס' 13-15, 18-23, 25 הועתקו גם, באותו סדר, בכ""י ניו יורק בהמ""ל 2499 MS.. מס' 6, 7, 10 כבכ""י מונטיפיורי 279. הקובץ הנ""ל חסר תיאור תוכן עניינין ביבילוגרפי בכתיב",,,,,,,
,,,990000639580205171,,"ספריית הוטיקן, Ms. ebr. 249","מדרש עשרת הדברות, שיר השירים רבה",,,,,,,,
,,,990001739790205171,,"הספרייה המרכזית של ציריך, Ms. Heid. 192","אנתולוגיות לא מוכרות, מדרש ויושע, מדרש חסרות ויתרות, מדרש עשרת הדברות, תנחומא הנדפס - קושטא",,טעות סופר אצל ענת שפירא במקום 181 זהו 192,,,,,,
,,,990000619750205171,,"ספריית הוטיקן, Ms. ebr. 107",מדרש עשרת הדברות,,,,,,,,
,,,"מדרש עשרת הדברות, מדרש ויושע, אנתולוגיות לא מוכרות",,"ספריית פלטינה, Cod. Parm. 2269","מדרש עשרת הדברות, מדרש ויושע, אנתולוגיות לא מוכרות, אלפא ביתא דבן סירא, דברי הימים של משה רבינו",,,,,,,,
,,,990001382410205171,,"ספריית האוניברסיטה יוהן קרישטין סנקנברג, Ms. Oct. 227",מדרש עשרת הדברות,,,,,,,,
,,,990000569910205171,,לא ידוע היכן נמצא,"אנתולוגיות לא מוכרות, מדרש עשרת הדברות, אותיות דרבי עקיבא, דרך ארץ זוטא, דברי הימים של משה רבינו, מסכתות קטנות","ספריית בית הדין, לונדון, אנגליה Ms. 28",,,,,,,
,,,990000880330205171,,"ספריות הבודליאנה, אוניברסיטת אוקספורד, Ms. Opp. 236a",מדרש עשרת הדברות,,,,,,,,
,,,990000937750205171,,"ספריות הבודליאנה, אוניברסיטת אוקספורד, Ms. Bodl. Or. 135","מדרש עשרת הדברות, אלפא ביתא דבן סירא, דברי הימים של משה רבינו, מדרש ויושע, אנתולוגיות לא מוכרות",,,,,,,,
,,,990001389860205171,,"ספריית אוניברסיטת קמברידג', Ms. Add. 633",מדרש עשרת הדברות,,,,,,,,
,,,990001738080205171,,"הספרייה המרכזית של ציריך, Ms. Heid. 189","מדרש עשרת הדברות, אנתולוגיות לא מוכרות",,,,,,,,
,,,990001224070205171,,"ספריית בית המדרש ללימודי יהדות, Ms. 9851",בריתא דמלאכת המשכן,,,,,,,,
,,,990000887200205171,,"ספריות הבודליאנה, אוניברסיטת אוקספורד, Ms. Opp. 726","בריתא דמלאכת המשכן, מסכתות קטנות",,,,,,,,
,,,990001265430205171,,"ספריית מדינת בווריה, Cod.hebr. 95","בריתא דמלאכת המשכן, מסכתות קטנות, סדר עולם, מדרשים קטנים - לפני בירור",,,,,,,,
,,,990000940710205171,,"הספרייה הלאומית של צרפת, Ms. hebr. 353",בריתא דמלאכת המשכן,קובץ קבלי,,,,,,,
,,,990001138890205171,,"ספריית בית המדרש ללימודי יהדות, Ms. 5029",מדרש חדש,,,,,,,,
,,,990001142530205171,,"ספריית בית המדרש ללימודי יהדות, Ms. 4937a",בראשית רבה,"מדרש חכמים: ליקוט, קיצור ועיבוד של דרשות מבראשית רבה ומדרשי ההלכה בתוספת פירושים עצמאיים",,,,,,,
,,,990001278560205171,,"ספריית מדינת בווריה, Cod.hebr. 205",מדרש השכם (והזהיר),,,,,,,,
,,,990001950840205171,,"ספריית בית המדרש ללימודי יהדות, Ms. 5005",מדרש אגור,מתוך קובץ,,,,,,,
,,,990001951240205171,,"ספריית בית המדרש ללימודי יהדות, Ms. 4977",מדרש אגור,,,,,,,,
,,,990001950010205171,,"ספריית בית המדרש ללימודי יהדות, Ms. 4893 ",מדרש אגור,מתוך קובץ,,,,,,,
,,,990001951500205171,,"ספריית בית המדרש ללימודי יהדות, Ms. 4945",מדרש אגור,"קובץ במדרש, לפי קטלוג הספרייה הלאומית יש כאן גם תנומא לבראשית, יש לברר איזה תנחומא",,,,,,,
,,,990001300750205171,,"הספרייה הלאומית של צרפת, Ms. hebr. 842",ברייתא דר' אלעזר בן יוסי הגלילי,,,,,,,,
,,,990001049020205171,,"ספריית בית המדרש ללימודי יהדות, Ms. 2324",ברייתא דר' אלעזר בן יוסי הגלילי,מתוך קובץ בקבלה,,,,,,,
,,,990000678820205171,,"ספריית פלטינה, Cod. Parm. 3463",ברייתא דר' אלעזר בן יוסי הגלילי,מתוך קובץ בקבלה,,,,,,,
,,,990001285650205171,,"ספריית מדינת בווריה, Cod.hebr. 222",ברייתא דר' אלעזר בן יוסי הגלילי,מתוך קובץ מדרשים קטנים וחיבורים נוספים,,,,,,,
,,,990000564430205171,,"ספריית הוטיקן, Ms. ebr. 303","ברייתא דר' אלעזר בן יוסי הגלילי, מדרש עשרת הדברות","מתוך קובץ עם הרבה חיבורי ראשונים, מעט מדרשים קטנים, וכן אבות דרבי נתן (צריך לבדוק איזה נוסח)",,,,,,,
,,,990000776760205171,,"הספרייה הלאומית של רוסיה, Ms. EVR I 247",ברייתא דר' אלעזר בן יוסי הגלילי,,,,,,,,
,,,990025794180205171,,"ספריית בית המדרש ללימודי יהדות, Ms. 8163","אנתולוגיות לא מוכרות, מסכתות קטנות, דרך ארץ זוטא, דרך ארץ רבה, מעשה תורה לרבינו הקדוש, ברייתא דישועה, ברייתא דר' אלעזר בן יוסי הגלילי",,,,,,,,
,,,990000929300205171,,"ספריות הבודליאנה, אוניברסיטת אוקספורד, Ms. Arch. Seld. Superius 104",ברייתא דר' אלעזר בן יוסי הגלילי,"מתוך קובץ הכולל ספרי פילוסופיה, מוסר ופרשנות וליקוטי אגדות",,,,,,,
,,,990001318380205171,,"הספרייה הלאומית של צרפת, Ms. hebr. 1216",ברייתא דר' אלעזר בן יוסי הגלילי,נעתק אחר ספר הרקמה,,,,,,,
,,,990001625410205171,,"ספריות הבודליאנה, אוניברסיטת אוקספורד, Ms. Hunt. 449",דרך ארץ רבה,סדור ר' שלמה סג'למסה הכולל את  דרך ארץ,אולי יש לתעד סידורים?,,,,,,
,,,990001293260205171,,"הספרייה הלאומית של צרפת, Ms. hebr. 394",ברייתא דר' אלעזר בן יוסי הגלילי,"מתוך קובץ חיבורים הלכתיים ותלמודיים, נכלל תחת רשומה שכותרתה ליקוטים שהיא עצמה קובץ של חיבורים קבליים ומדרשיים",,,,,,,
,,,990000625610205171,,"ספריות הבודליאנה, אוניברסיטת אוקספורד, Ms. Mich. 175","מסכתות קטנות, דרך ארץ רבה, דרך ארץ זוטא, אנתולוגיות לא מוכרות",,,,,,,,
,,,990000961530205171,,"ספריות הבודליאנה, אוניברסיטת אוקספורד, Ms. Opp. 613","דרך ארץ רבה, מסכתות קטנות, אלפא ביתא דבן סירא, אנתולוגיות לא מוכרות",,,,,,,,
,,,990001625670205171,,"ספריות הבודליאנה, אוניברסיטת אוקספורד, Ms. Opp. 59",,מחזור ויטרי הכולל את דרך ארץ,,,,,,,
,,,990000593700205171,,"ספריות הבודליאנה, אוניברסיטת אוקספורד, Ms. Mich. 569",,סידור הכולל את דרך ארץ ומדרשים קטנים,,,,,,,
,,,990000776590205171,,"ספריות הבודליאנה, אוניברסיטת אוקספורד, Ms. Poc. 285",דרך ארץ זוטא,,,,,,,,
,,,990000888510205171,,"ספריות הבודליאנה, אוניברסיטת אוקספורד, Ms. Poc. 43",דרך ארץ זוטא,"דומה ל ספריות הבודליאנה, אוניברסיטת אוקספורד, Ms. Poc. 285",,,,,,,
,,,990000919340205171,,"ספריות הבודליאנה, אוניברסיטת אוקספורד, Ms. Bodl. Or. 603",דרך ארץ רבה,"בתיאור, הלכות דרך ארץ.",,,,,,,
,,,990000995160205171,,"ספריות הבודליאנה, אוניברסיטת אוקספורד, Ms. Opp. Add. fol. 56",,סדר תנאים ואמוראים ומסכת דרך ארץ,,,,,,,
,,,990000578650205171,,"ספריית מונטיפיורי, Ms. 64","מסכתות קטנות, דרך ארץ רבה",,,,,,,,
,,,990001868990205171,,"ספריית אוניברסיטת פרינסטון, Ms. 35",דרך ארץ זוטא,"פרק רבי יצחק בן פרנך, מדרש ויסעו",,,,,,,
,,,990001389400205171,,"ספריית אוניברסיטת קמברידג', Ms. Add. 539",דרך ארץ זוטא,,,,,,,,
,,,990000896960205171,,"ספריות הבודליאנה, אוניברסיטת אוקספורד, Ms. Marsh 580",דרך ארץ זוטא,,,,,,,,
,,,990001179240205171,,"ספריית המכון להיסטוריה יהודית על שם עמנואל רינגלבלום, Ms. 428","דרך ארץ רבה, דרך ארץ זוטא",,,,,,,,